,Gmt time,Open,High,Low,Close,Volume,Close_7,True_Close_7,buy_profit,sell_profit
69.0,11.03.2011 00:00:00.000,1.38002,1.3914,1.3752,1.39006,174092.2656,1.392785,1.41678,0.026719999999999855,0.0
78.0,20.03.2011 00:00:00.000,1.41718,1.41959,1.41661,1.41678,41526.0117,1.4133373,1.40726,0.0,0.009519999999999973
80.0,22.03.2011 00:00:00.000,1.42165,1.4248,1.41626,1.41677,163186.5156,1.4149284,1.41269,0.0,0.0040800000000000836
92.0,03.04.2011 00:00:00.000,1.42335,1.42423,1.42169,1.42341,16652.6406,1.4223896,1.4423,0.0,-0.01888999999999985
94.0,05.04.2011 00:00:00.000,1.4205,1.42453,1.41514,1.42314,156557.6563,1.422557,1.44512,0.0,-0.02197999999999989
95.0,06.04.2011 00:00:00.000,1.42312,1.43489,1.42277,1.43239,172103.9844,1.4296246,1.45006,0.0,-0.017669999999999852
96.0,07.04.2011 00:00:00.000,1.43243,1.43248,1.42441,1.42974,184310.4375,1.4283737,1.44285,0.0,-0.013109999999999955
97.0,08.04.2011 00:00:00.000,1.42974,1.44872,1.4291,1.44782,169747.9531,1.4390641,1.43959,0.0,0.008230000000000182
109.0,20.04.2011 00:00:00.000,1.43641,1.45441,1.43546,1.4518,212623.9844,1.4410276,1.48402,0.0,-0.032219999999999915
116.0,27.04.2011 00:00:00.000,1.47045,1.47951,1.46324,1.47873,194394.3438,1.4499332,1.45577,0.0,0.02296000000000009
117.0,28.04.2011 00:00:00.000,1.47873,1.48788,1.47725,1.48402,195451.3125,1.4519045,1.43205,0.0,0.05196999999999985
125.0,06.05.2011 00:00:00.000,1.45568,1.45873,1.43096,1.43205,268816.6563,1.4234422,1.4066,0.0,0.025449999999999973
145.0,26.05.2011 00:00:00.000,1.40685,1.42061,1.40679,1.41436,255201.0156,1.4374304,1.46355,0.049189999999999845,0.0
155.0,05.06.2011 00:00:00.000,1.46336,1.46566,1.46041,1.46522,34589.2188,1.4488128,1.44144,0.0,0.023779999999999912
173.0,23.06.2011 00:00:00.000,1.43304,1.4333,1.41268,1.42614,226920.2969,1.4353555,1.45226,0.026120000000000143,0.0
178.0,28.06.2011 00:00:00.000,1.43106,1.43966,1.4237,1.43571,229455.0938,1.4400588,1.43349,-0.0022200000000001108,0.0
195.0,15.07.2011 00:00:00.000,1.41614,1.4192,1.40923,1.41484,228674.8281,1.4274782,1.43664,0.02179999999999982,0.0
197.0,17.07.2011 00:00:00.000,1.41495,1.41578,1.41026,1.41259,21419.9297,1.422476,1.4373,0.02471000000000001,0.0
200.0,20.07.2011 00:00:00.000,1.417,1.42738,1.4133,1.42603,245330.8438,1.4334548,1.43264,0.006610000000000005,0.0
201.0,21.07.2011 00:00:00.000,1.42603,1.44367,1.4139,1.44077,288477.5313,1.4410292,1.43972,-0.0010499999999999954,0.0
204.0,24.07.2011 00:00:00.000,1.43566,1.4416,1.43522,1.43664,28188.6992,1.4396354,1.42724,-0.009399999999999853,0.0
206.0,26.07.2011 00:00:00.000,1.4373,1.45251,1.43571,1.45077,249684.6563,1.4406195,1.43492,0.0,0.01584999999999992
207.0,27.07.2011 00:00:00.000,1.45076,1.45353,1.43395,1.43608,248531.2969,1.4338845,1.40749,0.0,0.028590000000000115
220.0,09.08.2011 00:00:00.000,1.41758,1.43962,1.4152,1.43541,375181.0313,1.4367635,1.44278,0.007369999999999877,0.0
226.0,15.08.2011 00:00:00.000,1.42833,1.44727,1.42637,1.44373,265140.0938,1.4399203,1.44377,0.0,-4.0000000000040004e-05
234.0,23.08.2011 00:00:00.000,1.4357,1.44995,1.4357,1.44377,222539.1406,1.4334452,1.43634,0.0,0.007430000000000048
244.0,02.09.2011 00:00:00.000,1.4266,1.42873,1.41838,1.42035,206422.7188,1.4272363,1.35826,-0.06208999999999998,0.0
248.0,06.09.2011 00:00:00.000,1.40686,1.42347,1.39741,1.40091,243710.125,1.4149313,1.37478,-0.02613000000000021,0.0
256.0,14.09.2011 00:00:00.000,1.36819,1.37816,1.35907,1.37478,281383.2188,1.364856,1.35043,0.0,0.024349999999999872
258.0,16.09.2011 00:00:00.000,1.38803,1.38813,1.37537,1.37914,225582.2344,1.3711333,1.35162,0.0,0.02751999999999999
263.0,21.09.2011 00:00:00.000,1.37056,1.37869,1.35571,1.35773,276432.5,1.3476325,1.35951,0.0,-0.0017799999999998928
275.0,03.10.2011 00:00:00.000,1.33571,1.33811,1.31639,1.31899,294101.875,1.3364538,1.3633,0.04430999999999985,0.0
277.0,05.10.2011 00:00:00.000,1.33168,1.33826,1.32599,1.3345,292739.8438,1.3458983,1.3752,0.04069999999999996,0.0
288.0,16.10.2011 00:00:00.000,1.38746,1.38869,1.38588,1.38728,28611.9297,1.3969963,1.39192,0.0046399999999999775,0.0
296.0,24.10.2011 00:00:00.000,1.38498,1.39561,1.38224,1.39192,248021.1719,1.3897941,1.36544,0.0,0.02648000000000006
298.0,26.10.2011 00:00:00.000,1.38996,1.39694,1.37996,1.38849,254112.7344,1.3878311,1.38221,0.0,0.006280000000000063
307.0,04.11.2011 00:00:00.000,1.3822,1.38653,1.37129,1.37887,251946.0,1.3760822,1.37844,0.0,0.00042999999999993044
333.0,30.11.2011 00:00:00.000,1.33228,1.353,1.32593,1.3442,254415.8281,1.3447682,1.33455,-0.009650000000000158,0.0
338.0,05.12.2011 00:00:00.000,1.34156,1.34856,1.33761,1.33864,193557.0938,1.3440194,1.30184,-0.036799999999999944,0.0
341.0,08.12.2011 00:00:00.000,1.3399,1.34561,1.32888,1.33455,217281.0156,1.3359743,1.30395,-0.03059999999999996,0.0
362.0,29.12.2011 00:00:00.000,1.29245,1.29637,1.28581,1.2952,242993.8438,1.2936604,1.27205,0.0,0.023150000000000004
369.0,05.01.2012 00:00:00.000,1.29302,1.29434,1.27723,1.27915,310670.7188,1.2826688,1.26768,-0.011470000000000091,0.0
374.0,10.01.2012 00:00:00.000,1.27722,1.28172,1.27427,1.27528,292652.5625,1.2795926,1.28636,0.011079999999999979,0.0
380.0,16.01.2012 00:00:00.000,1.26471,1.26873,1.26262,1.26659,228914.9375,1.2704749,1.30347,0.0368799999999998,0.0
381.0,17.01.2012 00:00:00.000,1.26659,1.28042,1.26644,1.2746,282957.5625,1.2785238,1.31054,0.03594000000000008,0.0
390.0,26.01.2012 00:00:00.000,1.31054,1.31795,1.30893,1.30895,262064.4063,1.3059765,1.31566,0.0,-0.006709999999999994
395.0,31.01.2012 00:00:00.000,1.3138,1.32123,1.30431,1.30754,297389.7813,1.3031759,1.32471,0.0,-0.01717000000000013
401.0,06.02.2012 00:00:00.000,1.3124,1.31411,1.30277,1.31179,249597.0938,1.3073585,1.3128,0.0,-0.0010099999999999554
412.0,17.02.2012 00:00:00.000,1.31269,1.31967,1.31149,1.31446,221934.2344,1.3124043,1.34674,0.0,-0.032280000000000086
415.0,20.02.2012 00:00:00.000,1.32232,1.32766,1.31823,1.32074,177997.8906,1.3199859,1.34781,0.0,-0.027069999999999927
423.0,28.02.2012 00:00:00.000,1.34073,1.34795,1.33901,1.34781,259525.875,1.3451911,1.31406,0.0,0.03374999999999995
426.0,02.03.2012 00:00:00.000,1.33263,1.33326,1.31864,1.31945,218508.3594,1.3233999,1.3122,-0.007249999999999979,0.0
431.0,07.03.2012 00:00:00.000,1.31194,1.31638,1.30959,1.31406,217855.9531,1.3103393,1.30765,0.0,0.006410000000000027
432.0,08.03.2012 00:00:00.000,1.31406,1.3291,1.3135,1.32712,220167.2031,1.318456,1.31725,0.0,0.009870000000000045
439.0,15.03.2012 00:00:00.000,1.30202,1.31176,1.30035,1.30765,216585.8594,1.3055502,1.32676,0.0,-0.01910999999999996
447.0,23.03.2012 00:00:00.000,1.32044,1.32919,1.31907,1.32676,201990.0156,1.3252684,1.33565,0.0,-0.008890000000000065
465.0,10.04.2012 00:00:00.000,1.31086,1.3144,1.30538,1.30721,234425.7969,1.304643,1.3117,0.0,-0.004490000000000105
468.0,13.04.2012 00:00:00.000,1.31883,1.32011,1.30692,1.30745,205321.75,1.3104708,1.32069,0.013239999999999919,0.0
470.0,15.04.2012 00:00:00.000,1.30757,1.30759,1.30407,1.30432,23286.8398,1.306698,1.31486,0.010539999999999994,0.0
471.0,16.04.2012 00:00:00.000,1.30433,1.31465,1.29958,1.31257,238123.6563,1.3090867,1.31951,0.0,-0.006939999999999946
480.0,25.04.2012 00:00:00.000,1.31951,1.32359,1.31736,1.32306,208087.5469,1.3220451,1.3154,0.0,0.00766
489.0,04.05.2012 00:00:00.000,1.3154,1.3178,1.3078,1.30882,178666.1719,1.3081385,1.28969,0.0,0.01913000000000009
498.0,13.05.2012 00:00:00.000,1.29045,1.29061,1.28811,1.28969,17826.3105,1.2904698,1.2812,-0.008490000000000109,0.0
499.0,14.05.2012 00:00:00.000,1.2897,1.29042,1.2815,1.28297,224023.9844,1.2852902,1.26604,-0.01692999999999989,0.0
502.0,17.05.2012 00:00:00.000,1.2732,1.27489,1.26664,1.26975,263587.2813,1.2732286,1.25119,-0.01855999999999991,0.0
503.0,18.05.2012 00:00:00.000,1.26975,1.27936,1.26415,1.27778,260227.3281,1.2802334,1.25658,-0.021199999999999886,0.0
505.0,20.05.2012 00:00:00.000,1.27515,1.27862,1.2748,1.27712,21479.3203,1.2830598,1.25213,-0.024990000000000068,0.0
508.0,23.05.2012 00:00:00.000,1.26605,1.26868,1.25448,1.25606,293894.7188,1.2638794,1.23619,-0.019870000000000054,0.0
509.0,24.05.2012 00:00:00.000,1.25612,1.26188,1.25154,1.25349,282986.75,1.2573769,1.24314,-0.010350000000000081,0.0
516.0,31.05.2012 00:00:00.000,1.2373,1.24281,1.23363,1.23619,269548.8438,1.2367864,1.25038,0.014190000000000147,0.0
520.0,04.06.2012 00:00:00.000,1.23982,1.25267,1.23856,1.25261,221459.7031,1.2490197,1.25,0.0,0.002610000000000001
521.0,05.06.2012 00:00:00.000,1.25261,1.25417,1.24098,1.2461,250952.3125,1.2444805,1.25742,0.0,-0.011319999999999997
523.0,07.06.2012 00:00:00.000,1.25755,1.26249,1.25398,1.25673,260612.7813,1.254021,1.26355,0.0,-0.006820000000000048
526.0,10.06.2012 00:00:00.000,1.26385,1.26676,1.26305,1.26441,20653.0,1.262108,1.25959,0.0,0.0048200000000000465
527.0,11.06.2012 00:00:00.000,1.2644,1.26469,1.245,1.24769,256538.5,1.2512249,1.26788,0.02018999999999993,0.0
540.0,24.06.2012 00:00:00.000,1.25585,1.25611,1.2534,1.25373,12197.9102,1.2518835,1.25794,0.0,-0.004210000000000047
551.0,05.07.2012 00:00:00.000,1.25152,1.25381,1.23638,1.23921,233575.8438,1.24061,1.22423,-0.014979999999999993,0.0
552.0,06.07.2012 00:00:00.000,1.23922,1.24008,1.22596,1.22811,219283.1406,1.230251,1.22465,-0.0034600000000000186,0.0
562.0,16.07.2012 00:00:00.000,1.22465,1.22894,1.21755,1.22654,191890.4063,1.2149106,1.20612,0.0,0.020419999999999883
569.0,23.07.2012 00:00:00.000,1.21271,1.21442,1.20684,1.21236,250376.8594,1.206998,1.22917,0.0,-0.01680999999999999
571.0,25.07.2012 00:00:00.000,1.20612,1.21674,1.20531,1.21387,251507.2656,1.209635,1.21782,0.0,-0.003949999999999898
578.0,01.08.2012 00:00:00.000,1.22916,1.23362,1.2218,1.22382,161327.7031,1.2182314,1.22925,0.0,-0.005430000000000046
584.0,07.08.2012 00:00:00.000,1.23882,1.24417,1.23757,1.23842,189778.3438,1.2383736,1.22881,0.0,0.009610000000000118
585.0,08.08.2012 00:00:00.000,1.23842,1.2402,1.23267,1.23716,186970.2031,1.235382,1.23568,0.0,0.0014800000000001479
587.0,10.08.2012 00:00:00.000,1.22926,1.23162,1.22412,1.22874,170078.375,1.2282944,1.23318,0.0,-0.0044399999999999995
589.0,12.08.2012 00:00:00.000,1.22877,1.22917,1.22742,1.22742,11531.0498,1.2279282,1.23505,0.007630000000000026,0.0
590.0,13.08.2012 00:00:00.000,1.22745,1.23732,1.226,1.23258,166553.8438,1.2320044,1.24761,0.0,-0.015030000000000099
596.0,19.08.2012 00:00:00.000,1.23408,1.23528,1.23286,1.23318,16886.9941,1.2345388,1.25007,0.01689000000000007,0.0
598.0,21.08.2012 00:00:00.000,1.23507,1.24872,1.23457,1.24761,192110.3125,1.2459124,1.25302,0.0,-0.005409999999999915
601.0,24.08.2012 00:00:00.000,1.25595,1.25662,1.24843,1.25115,165536.4531,1.2568653,1.25731,0.006159999999999943,0.0
606.0,29.08.2012 00:00:00.000,1.25705,1.25729,1.25183,1.25302,153997.375,1.2577566,1.26305,0.010029999999999983,0.0
624.0,16.09.2012 00:00:00.000,1.31185,1.3128,1.31089,1.31134,16474.5508,1.3149433,1.29403,-0.017309999999999937,0.0
633.0,25.09.2012 00:00:00.000,1.29406,1.29706,1.28871,1.28982,164877.7656,1.2873582,1.29227,0.0,-0.0024500000000000632
643.0,05.10.2012 00:00:00.000,1.30126,1.30714,1.29938,1.30286,167130.1406,1.3057826,1.2934,-0.009459999999999802,0.0
650.0,12.10.2012 00:00:00.000,1.29314,1.29906,1.29219,1.29526,154581.0,1.2961428,1.30214,0.006879999999999997,0.0
653.0,15.10.2012 00:00:00.000,1.29328,1.29786,1.28905,1.29673,160289.625,1.2943317,1.29733,0.0,-0.000600000000000156
659.0,21.10.2012 00:00:00.000,1.30207,1.3029,1.30134,1.30214,10540.3496,1.3002286,1.29066,0.0,0.011480000000000157
668.0,30.10.2012 00:00:00.000,1.29065,1.29832,1.28857,1.29611,121345.7422,1.2923586,1.27562,0.0,0.02049000000000012
671.0,02.11.2012 00:00:00.000,1.29463,1.29464,1.28211,1.28405,174301.3906,1.2856463,1.27202,-0.012029999999999985,0.0
682.0,13.11.2012 00:00:00.000,1.27056,1.27264,1.26612,1.27091,182500.6563,1.2725785,1.28638,0.015470000000000095,0.0
699.0,30.11.2012 00:00:00.000,1.29715,1.30274,1.2968,1.29854,151619.8125,1.296067,1.29062,0.0,0.007919999999999927
705.0,06.12.2012 00:00:00.000,1.30722,1.30863,1.295,1.29612,155919.3438,1.2976003,1.31631,0.020190000000000152,0.0
709.0,10.12.2012 00:00:00.000,1.29061,1.29463,1.28856,1.29368,117349.1484,1.2908053,1.32285,0.0,-0.02917000000000014
710.0,11.12.2012 00:00:00.000,1.29367,1.30144,1.29286,1.30113,130925.2031,1.2983044,1.32127,0.0,-0.020140000000000047
712.0,13.12.2012 00:00:00.000,1.30653,1.31,1.30411,1.30766,145364.0625,1.3088126,1.31868,0.01102000000000003,0.0
713.0,14.12.2012 00:00:00.000,1.30767,1.31726,1.30663,1.31631,147225.1094,1.3148443,1.31797,0.0,-0.0016599999999999948
724.0,25.12.2012 00:00:00.000,1.31801,1.32025,1.31704,1.31798,17905.4609,1.316313,1.31833,0.0,-0.0003500000000000725
733.0,03.01.2013 00:00:00.000,1.31836,1.31887,1.30222,1.30243,173935.4375,1.3064156,1.33424,0.031810000000000116,0.0
736.0,06.01.2013 00:00:00.000,1.30745,1.30792,1.30655,1.30676,4326.2202,1.3057675,1.33769,0.0,-0.030930000000000124
738.0,08.01.2013 00:00:00.000,1.31236,1.31393,1.30566,1.30825,163429.7813,1.3105156,1.32845,0.020199999999999996,0.0
746.0,16.01.2013 00:00:00.000,1.33089,1.33246,1.32565,1.32845,161785.5781,1.3337501,1.33674,0.00829000000000013,0.0
747.0,17.01.2013 00:00:00.000,1.32845,1.33873,1.32696,1.33738,173479.5469,1.3368361,1.34587,0.0,-0.008489999999999887
750.0,20.01.2013 00:00:00.000,1.33107,1.33237,1.33066,1.33176,3996.71,1.3340672,1.34469,0.012929999999999886,0.0
753.0,23.01.2013 00:00:00.000,1.33127,1.33542,1.32655,1.33067,149668.2813,1.3267299,1.36115,0.0,-0.030480000000000063
762.0,01.02.2013 00:00:00.000,1.36115,1.37108,1.3586,1.36391,204622.9844,1.3660276,1.3366,-0.027309999999999945,0.0
764.0,03.02.2013 00:00:00.000,1.36521,1.36571,1.36449,1.36449,4513.7002,1.3672616,1.34016,-0.024329999999999963,0.0
765.0,04.02.2013 00:00:00.000,1.36448,1.36486,1.34988,1.35104,171325.625,1.361066,1.34521,-0.005830000000000002,0.0
768.0,07.02.2013 00:00:00.000,1.35216,1.35769,1.33706,1.33827,203740.6563,1.3490231,1.33618,-0.0020900000000001473,0.0
775.0,14.02.2013 00:00:00.000,1.34444,1.34551,1.3315,1.33498,147314.9844,1.3345978,1.31902,0.0,0.015959999999999974
801.0,12.03.2013 00:00:00.000,1.30319,1.30742,1.29913,1.30302,167825.2656,1.304679,1.2939,-0.009120000000000017,0.0
808.0,19.03.2013 00:00:00.000,1.29435,1.29694,1.28466,1.28638,250997.6875,1.2862656,1.27742,0.0,0.008960000000000079
813.0,24.03.2013 00:00:00.000,1.29475,1.30474,1.29448,1.30185,16525.5293,1.3029257,1.28485,-0.016999999999999904,0.0
815.0,26.03.2013 00:00:00.000,1.2857,1.28887,1.28313,1.28605,242433.6875,1.288551,1.28489,-0.0011599999999998278,0.0
817.0,28.03.2013 00:00:00.000,1.27746,1.28437,1.27556,1.28142,226366.8281,1.2829314,1.29936,0.017940000000000067,0.0
830.0,10.04.2013 00:00:00.000,1.308,1.31217,1.3051,1.3052,214647.0938,1.3053068,1.30524,4.0000000000040004e-05,0.0
837.0,17.04.2013 00:00:00.000,1.3178,1.31995,1.30011,1.30335,278089.9375,1.305271,1.30038,-0.002969999999999917,0.0
843.0,23.04.2013 00:00:00.000,1.30592,1.30824,1.2973,1.2994,240504.5625,1.2985284,1.31792,0.0,-0.01851999999999987
844.0,24.04.2013 00:00:00.000,1.29938,1.3033,1.29611,1.30155,213278.9375,1.2983435,1.30658,0.0,-0.00503000000000009
846.0,26.04.2013 00:00:00.000,1.30037,1.30475,1.29912,1.30274,219266.3906,1.3016354,1.31206,0.0,-0.009319999999999995
856.0,06.05.2013 00:00:00.000,1.31207,1.31396,1.30534,1.30727,120991.3125,1.3082215,1.29363,-0.013639999999999874,0.0
859.0,09.05.2013 00:00:00.000,1.31602,1.3177,1.30098,1.30315,206555.2344,1.3044455,1.28387,-0.019279999999999964,0.0
860.0,10.05.2013 00:00:00.000,1.30316,1.30506,1.2935,1.29899,245450.0,1.2993735,1.28306,-0.01593,0.0
863.0,13.05.2013 00:00:00.000,1.2967,1.2997,1.29415,1.2987,202554.1719,1.2949705,1.29198,0.0,0.006720000000000059
864.0,14.05.2013 00:00:00.000,1.29868,1.30289,1.29181,1.29363,238229.8594,1.2925148,1.28421,0.0,0.009419999999999984
867.0,17.05.2013 00:00:00.000,1.2883,1.28887,1.2796,1.28387,191829.3438,1.284458,1.29357,0.009700000000000042,0.0
869.0,19.05.2013 00:00:00.000,1.28421,1.28482,1.28276,1.28306,6912.79,1.2846334,1.29339,0.01032999999999995,0.0
873.0,23.05.2013 00:00:00.000,1.28422,1.29539,1.28214,1.29228,278910.3438,1.294074,1.29953,0.007249999999999979,0.0
876.0,26.05.2013 00:00:00.000,1.29347,1.29436,1.29328,1.29357,5845.1602,1.2987449,1.30704,0.013469999999999871,0.0
877.0,27.05.2013 00:00:00.000,1.29357,1.29485,1.29159,1.29339,83768.2422,1.296845,1.30715,0.013759999999999994,0.0
884.0,03.06.2013 00:00:00.000,1.29944,1.31074,1.29556,1.30704,214226.5156,1.3033929,1.33121,0.0,-0.024170000000000025
885.0,04.06.2013 00:00:00.000,1.30702,1.31012,1.30418,1.30715,240402.25,1.3040212,1.33438,0.0,-0.027229999999999865
887.0,06.06.2013 00:00:00.000,1.30864,1.33054,1.30749,1.32423,319307.75,1.3187643,1.33466,0.0,-0.01042999999999994
891.0,10.06.2013 00:00:00.000,1.32024,1.32689,1.31775,1.32528,237372.0469,1.3228984,1.33929,0.0,-0.014010000000000078
907.0,26.06.2013 00:00:00.000,1.30755,1.3087,1.29849,1.30162,189861.0625,1.2985009,1.28924,0.0,0.012380000000000058
919.0,08.07.2013 00:00:00.000,1.28128,1.28819,1.28117,1.28606,145136.8906,1.2881067,1.3148,0.028739999999999988,0.0
920.0,09.07.2013 00:00:00.000,1.28606,1.2898,1.27552,1.27766,185252.0,1.283612,1.31163,0.033970000000000056,0.0
923.0,12.07.2013 00:00:00.000,1.30865,1.31001,1.2999,1.30679,166714.2656,1.3149865,1.31581,0.009020000000000028,0.0
928.0,17.07.2013 00:00:00.000,1.31478,1.31768,1.30829,1.31163,210135.0156,1.3127259,1.32737,0.015739999999999865,0.0
936.0,25.07.2013 00:00:00.000,1.31904,1.32958,1.31655,1.32737,207799.4844,1.3214546,1.32802,0.0,-0.0006500000000000394
940.0,29.07.2013 00:00:00.000,1.32857,1.32949,1.32388,1.3263,358894.5313,1.3245074,1.33071,0.0,-0.004410000000000025
942.0,31.07.2013 00:00:00.000,1.32656,1.33447,1.32141,1.33003,430068.75,1.3296368,1.33791,0.0,-0.007879999999999887
954.0,12.08.2013 00:00:00.000,1.33384,1.33402,1.3277,1.32917,139277.75,1.3259895,1.34205,0.0,-0.012880000000000003
955.0,13.08.2013 00:00:00.000,1.32917,1.3317,1.32333,1.3265,183799.3594,1.3222785,1.3341,0.0,-0.007600000000000051
961.0,19.08.2013 00:00:00.000,1.3329,1.33745,1.33151,1.33337,158321.2656,1.3312894,1.33908,0.0,-0.005710000000000104
964.0,22.08.2013 00:00:00.000,1.3341,1.3373,1.32979,1.33553,212935.5469,1.3370821,1.32213,-0.013400000000000079,0.0
975.0,02.09.2013 00:00:00.000,1.32067,1.3227,1.31836,1.31891,119270.1797,1.3183614,1.32673,0.0,-0.007819999999999938
976.0,03.09.2013 00:00:00.000,1.31892,1.31968,1.31385,1.31717,180892.9063,1.314719,1.33135,0.0,-0.014180000000000081
977.0,04.09.2013 00:00:00.000,1.31716,1.32177,1.3157,1.31994,165593.9844,1.3163481,1.32983,0.0,-0.009890000000000176
982.0,09.09.2013 00:00:00.000,1.3172,1.32806,1.31665,1.32556,159954.8281,1.3226404,1.33566,0.0,-0.010099999999999998
986.0,13.09.2013 00:00:00.000,1.32983,1.3321,1.32538,1.3293,157137.5781,1.3322206,1.35334,0.02404000000000006,0.0
999.0,26.09.2013 00:00:00.000,1.35172,1.35262,1.3472,1.34874,164521.9063,1.3497334,1.35569,0.006950000000000012,0.0
1021.0,18.10.2013 00:00:00.000,1.36683,1.37037,1.36592,1.36844,184794.9688,1.3755587,1.38045,0.012009999999999854,0.0
1024.0,21.10.2013 00:00:00.000,1.36811,1.36884,1.36509,1.36721,154643.2031,1.3725775,1.37426,0.007050000000000001,0.0
1031.0,28.10.2013 00:00:00.000,1.38045,1.38174,1.3775,1.3788,186813.1563,1.3758435,1.34719,0.0,0.031609999999999916
1040.0,06.11.2013 00:00:00.000,1.34719,1.35471,1.34675,1.35175,187872.7813,1.3461411,1.34459,0.0,0.007160000000000055
1044.0,10.11.2013 00:00:00.000,1.33572,1.3362,1.33446,1.33464,4146.3799,1.3323702,1.35017,0.0,-0.015530000000000044
1052.0,18.11.2013 00:00:00.000,1.34821,1.35415,1.34745,1.35017,184377.2031,1.3549604,1.35667,0.00649999999999995,0.0
1058.0,24.11.2013 00:00:00.000,1.35481,1.35599,1.35476,1.35512,3205.6399,1.3591027,1.35418,-0.0009400000000001629,0.0
1063.0,29.11.2013 00:00:00.000,1.36026,1.36216,1.358,1.3589,186069.125,1.361431,1.37065,0.011749999999999927,0.0
1070.0,06.12.2013 00:00:00.000,1.36688,1.37063,1.36124,1.37037,235563.3438,1.3677156,1.37377,0.0,-0.0033999999999998476
1093.0,29.12.2013 00:00:00.000,1.37558,1.37694,1.3746,1.37513,3885.6201,1.37074,1.36296,0.0,0.012170000000000014
1107.0,12.01.2014 00:00:00.000,1.36783,1.36786,1.36643,1.3672,3789.77,1.3711208,1.35459,-0.01261000000000001,0.0
1108.0,13.01.2014 00:00:00.000,1.36719,1.36847,1.3637,1.36686,179419.1094,1.3719033,1.35572,-0.011139999999999928,0.0
1115.0,20.01.2014 00:00:00.000,1.35272,1.35679,1.35075,1.35459,120202.3672,1.3526827,1.3654,0.0,-0.010809999999999986
1122.0,27.01.2014 00:00:00.000,1.36868,1.37166,1.36531,1.36741,193342.3125,1.3670677,1.35159,0.0,0.015819999999999945
1123.0,28.01.2014 00:00:00.000,1.36741,1.36885,1.3629,1.3654,171590.875,1.3666276,1.35337,-0.012029999999999985,0.0
1125.0,30.01.2014 00:00:00.000,1.36572,1.36624,1.35434,1.35574,234697.0625,1.3628792,1.36342,0.007680000000000131,0.0
1126.0,31.01.2014 00:00:00.000,1.35575,1.35728,1.3479,1.34827,240687.6563,1.3581631,1.36186,0.013589999999999991,0.0
1139.0,13.02.2014 00:00:00.000,1.35876,1.36918,1.35855,1.36759,202744.2031,1.3654876,1.37375,0.0,-0.006159999999999943
1153.0,27.02.2014 00:00:00.000,1.36808,1.37268,1.36432,1.37061,147824.3438,1.3725431,1.38753,0.016919999999999824,0.0
1165.0,11.03.2014 00:00:00.000,1.3876,1.38766,1.38338,1.38563,123617.0625,1.3882424,1.38181,-0.0038199999999999346,0.0
1166.0,12.03.2014 00:00:00.000,1.38563,1.39142,1.38433,1.39023,144347.7969,1.3916255,1.37786,-0.012369999999999992,0.0
1170.0,16.03.2014 00:00:00.000,1.39065,1.39173,1.39027,1.3909,4907.3999,1.3942555,1.38362,-0.007279999999999953,0.0
1177.0,23.03.2014 00:00:00.000,1.37968,1.38063,1.37881,1.37969,3441.3301,1.3821782,1.37739,-0.0023000000000001908,0.0
1184.0,30.03.2014 00:00:00.000,1.37612,1.37636,1.37451,1.37531,3332.75,1.3720764,1.3742,0.0,0.0011099999999999444
1185.0,31.03.2014 00:00:00.000,1.3753,1.38067,1.37216,1.37739,119090.5078,1.3732862,1.37929,0.0,-0.0019000000000000128
1189.0,04.04.2014 00:00:00.000,1.37227,1.37308,1.36728,1.37016,135092.8281,1.3696575,1.3847,0.0,-0.014539999999999997
1193.0,08.04.2014 00:00:00.000,1.3742,1.38115,1.37374,1.37929,134065.5,1.3754131,1.38237,0.0,-0.0030800000000001937
1209.0,24.04.2014 00:00:00.000,1.3817,1.38429,1.37914,1.38303,125642.7188,1.3816096,1.38706,0.0,-0.004029999999999978
1212.0,27.04.2014 00:00:00.000,1.38447,1.38447,1.38357,1.3839,2489.6499,1.3823793,1.38746,0.0,-0.0035600000000000076
1216.0,01.05.2014 00:00:00.000,1.3868,1.38892,1.38628,1.38699,108122.5625,1.3866102,1.37553,0.0,0.011460000000000026
1226.0,11.05.2014 00:00:00.000,1.37526,1.3761,1.37522,1.37603,3457.3301,1.3818213,1.37124,-0.004790000000000072,0.0
1229.0,14.05.2014 00:00:00.000,1.37077,1.37308,1.36979,1.37176,169154.0313,1.3722159,1.36533,-0.006430000000000158,0.0
1240.0,25.05.2014 00:00:00.000,1.36233,1.36307,1.36145,1.36275,3677.2,1.3582662,1.35965,0.0,0.0030999999999998806
1248.0,02.06.2014 00:00:00.000,1.36287,1.36361,1.35881,1.35965,165085.0469,1.3625273,1.35392,-0.005730000000000013,0.0
1257.0,11.06.2014 00:00:00.000,1.35391,1.35571,1.35215,1.35357,201045.0469,1.3585916,1.36101,0.007440000000000113,0.0
1265.0,19.06.2014 00:00:00.000,1.35896,1.36434,1.35848,1.36101,215110.1875,1.3562589,1.36477,0.0,-0.0037599999999999856
1273.0,27.06.2014 00:00:00.000,1.36114,1.36505,1.361,1.36477,261372.125,1.3659437,1.3588,-0.005970000000000031,0.0
1280.0,04.07.2014 00:00:00.000,1.36086,1.36112,1.35855,1.35944,209969.5,1.3644655,1.36022,0.0007800000000000029,0.0
1285.0,09.07.2014 00:00:00.000,1.36166,1.36483,1.36022,1.36432,309667.1875,1.3627723,1.35186,0.0,0.012459999999999916
1286.0,10.07.2014 00:00:00.000,1.36433,1.36507,1.35891,1.36042,369468.3125,1.3614364,1.35227,-0.00814999999999988,0.0
1299.0,23.07.2014 00:00:00.000,1.34668,1.34741,1.34549,1.3461,102439.1484,1.34036,1.33889,0.0,0.007210000000000161
1304.0,28.07.2014 00:00:00.000,1.34288,1.34438,1.34269,1.34373,87460.5313,1.342134,1.33714,0.0,0.006590000000000096
1306.0,30.07.2014 00:00:00.000,1.341,1.34154,1.33669,1.33945,145925.6094,1.3420707,1.33572,-0.003730000000000011,0.0
1307.0,31.07.2014 00:00:00.000,1.33946,1.34006,1.33716,1.33889,129815.1016,1.3424381,1.34085,0.001960000000000184,0.0
1310.0,03.08.2014 00:00:00.000,1.343,1.34329,1.34231,1.3428,3201.03,1.3480511,1.33822,-0.0045800000000000285,0.0
1312.0,05.08.2014 00:00:00.000,1.34216,1.34248,1.33582,1.33714,119616.6172,1.3444384,1.33657,-0.0005699999999999594,0.0
1322.0,15.08.2014 00:00:00.000,1.33613,1.34117,1.33587,1.33976,131049.3594,1.3393322,1.31971,0.0,0.020050000000000123
1325.0,18.08.2014 00:00:00.000,1.33895,1.33991,1.33529,1.336,91114.2266,1.3365972,1.31697,-0.019030000000000102,0.0
1326.0,19.08.2014 00:00:00.000,1.336,1.33605,1.33133,1.33203,132255.375,1.3318043,1.31919,0.0,0.012839999999999963
1328.0,21.08.2014 00:00:00.000,1.32591,1.32884,1.32417,1.32785,126705.0703,1.3250643,1.31311,0.0,0.014739999999999975
1332.0,25.08.2014 00:00:00.000,1.31973,1.32103,1.31789,1.3186,115468.2266,1.3165716,1.31311,0.0,0.005489999999999995
1333.0,26.08.2014 00:00:00.000,1.31861,1.32147,1.31646,1.31697,146017.2969,1.3155262,1.3148,0.0,0.0021700000000000053
1345.0,07.09.2014 00:00:00.000,1.29556,1.29583,1.29491,1.29518,16774.0508,1.2967354,1.29384,-0.0013399999999998968,0.0
1347.0,09.09.2014 00:00:00.000,1.28912,1.29574,1.28594,1.2941,205611.6563,1.2953861,1.28488,-0.009220000000000006,0.0
1353.0,15.09.2014 00:00:00.000,1.29595,1.29691,1.29086,1.29384,174640.5156,1.2969936,1.28488,-0.008960000000000079,0.0
1361.0,23.09.2014 00:00:00.000,1.28501,1.29012,1.28394,1.28488,167392.4375,1.2870647,1.26216,-0.022720000000000073,0.0
1364.0,26.09.2014 00:00:00.000,1.27549,1.276,1.26769,1.26809,156861.2656,1.2685515,1.25124,-0.01685000000000003,0.0
1368.0,30.09.2014 00:00:00.000,1.26898,1.27022,1.2571,1.26279,194596.3438,1.2624909,1.27406,0.0,-0.011269999999999891
1370.0,02.10.2014 00:00:00.000,1.26216,1.26987,1.26138,1.26681,243421.6563,1.2657297,1.26268,0.0,0.004129999999999967
1373.0,05.10.2014 00:00:00.000,1.25107,1.2515,1.25089,1.25124,8670.8496,1.2539091,1.27217,0.020930000000000115,0.0
1378.0,10.10.2014 00:00:00.000,1.26882,1.2716,1.26054,1.26268,185574.7344,1.2688217,1.27473,0.012049999999999894,0.0
1383.0,15.10.2014 00:00:00.000,1.26412,1.28865,1.26247,1.28202,294121.125,1.2810403,1.26492,0.0,0.017099999999999893
1397.0,29.10.2014 00:00:00.000,1.2737,1.27705,1.26264,1.26316,189783.1094,1.2635919,1.23803,-0.025130000000000097,0.0
1401.0,02.11.2014 00:00:00.000,1.25067,1.25138,1.25017,1.25018,10622.7598,1.2499107,1.24259,0.0,0.007589999999999986
1403.0,04.11.2014 00:00:00.000,1.24921,1.25773,1.24901,1.25516,204778.8281,1.2550778,1.24298,0.0,0.01218000000000008
1411.0,12.11.2014 00:00:00.000,1.24756,1.24978,1.24194,1.24298,219437.9375,1.2439107,1.25431,0.011330000000000062,0.0
1412.0,13.11.2014 00:00:00.000,1.24298,1.24915,1.24279,1.24735,170570.0781,1.2465273,1.23871,0.0,0.008639999999999981
1415.0,16.11.2014 00:00:00.000,1.25301,1.25321,1.25139,1.25211,9030.21,1.252408,1.24338,-0.008730000000000127,0.0
1423.0,24.11.2014 00:00:00.000,1.23716,1.24446,1.23716,1.24338,157714.0781,1.2369201,1.23876,0.0,0.0046199999999998465
1430.0,01.12.2014 00:00:00.000,1.24368,1.25067,1.24194,1.24699,183811.9531,1.2414793,1.2388,0.0,0.008190000000000142
1436.0,07.12.2014 00:00:00.000,1.22864,1.23027,1.22804,1.22938,5605.2598,1.229224,1.24402,0.0,-0.014639999999999986
1446.0,17.12.2014 00:00:00.000,1.25106,1.25159,1.23209,1.23368,201911.8438,1.2381804,1.22079,-0.012890000000000068,0.0
1450.0,21.12.2014 00:00:00.000,1.22229,1.22264,1.22198,1.22245,3196.8799,1.2226504,1.21533,-0.007120000000000015,0.0
1457.0,28.12.2014 00:00:00.000,1.21792,1.21804,1.21672,1.21682,5834.0601,1.20359,1.19374,0.0,0.02307999999999999
1466.0,06.01.2015 00:00:00.000,1.19374,1.19687,1.18461,1.18722,177669.7969,1.1795768,1.1784,0.0,0.00882000000000005
1468.0,08.01.2015 00:00:00.000,1.18337,1.18475,1.17543,1.1792,150219.7969,1.1638293,1.15626,0.0,0.02293999999999996
1473.0,13.01.2015 00:00:00.000,1.18319,1.18596,1.17531,1.1777,190749.3906,1.1521896,1.16147,0.0,0.016229999999999967
1476.0,16.01.2015 00:00:00.000,1.16361,1.16487,1.146,1.15626,243185.7344,1.134541,1.11417,0.0,0.04208999999999996
1489.0,29.01.2015 00:00:00.000,1.12829,1.13678,1.12619,1.13337,170749.1875,1.1327066,1.13128,0.0,0.0020899999999999253
1500.0,09.02.2015 00:00:00.000,1.13135,1.13595,1.12703,1.13242,145020.2656,1.1357844,1.14039,0.007970000000000033,0.0
1509.0,18.02.2015 00:00:00.000,1.14039,1.14156,1.13339,1.13995,154129.0781,1.1264461,1.12026,0.0,0.019689999999999985
1513.0,22.02.2015 00:00:00.000,1.13911,1.13961,1.13771,1.13802,4454.5298,1.1152968,1.11766,0.0,0.020359999999999934
1514.0,23.02.2015 00:00:00.000,1.13802,1.13932,1.12951,1.13336,121740.7031,1.1047882,1.11827,0.0,0.015089999999999826
1524.0,05.03.2015 00:00:00.000,1.10791,1.11142,1.09874,1.10316,170648.9375,1.0498263,1.04943,0.0,0.05372999999999983
1532.0,13.03.2015 00:00:00.000,1.06267,1.06347,1.04624,1.04943,203399.7656,1.0589118,1.08251,0.03308,0.0
1536.0,17.03.2015 00:00:00.000,1.05715,1.06507,1.05514,1.0595,159779.3281,1.0646127,1.09632,0.03681999999999985,0.0
1556.0,06.04.2015 00:00:00.000,1.09946,1.10356,1.091,1.09343,108858.4609,1.0471249,1.06466,0.0,0.028769999999999962
1560.0,10.04.2015 00:00:00.000,1.06665,1.06837,1.05679,1.06022,171200.25,1.0725935,1.08082,0.02059999999999995,0.0
1565.0,15.04.2015 00:00:00.000,1.06466,1.07017,1.05708,1.06763,207598.9063,1.0934672,1.08138,0.013749999999999929,0.0
1577.0,27.04.2015 00:00:00.000,1.08657,1.09266,1.08192,1.08764,197673.6563,1.1134601,1.11797,0.030329999999999968,0.0
1578.0,28.04.2015 00:00:00.000,1.08761,1.0991,1.08598,1.09677,212064.5469,1.1155252,1.13391,0.03713999999999995,0.0
1584.0,04.05.2015 00:00:00.000,1.11885,1.12245,1.11228,1.11487,170489.2656,1.1149966,1.12189,0.007020000000000026,0.0
1585.0,05.05.2015 00:00:00.000,1.11487,1.12231,1.10663,1.11797,234895.6406,1.1171265,1.13469,0.0,-0.016720000000000068
1599.0,19.05.2015 00:00:00.000,1.13242,1.13259,1.11184,1.11425,235738.125,1.1247529,1.08975,-0.024499999999999966,0.0
1600.0,20.05.2015 00:00:00.000,1.11425,1.11522,1.10621,1.11012,246556.6094,1.124809,1.09624,-0.013879999999999892,0.0
1601.0,21.05.2015 00:00:00.000,1.11014,1.11813,1.10797,1.11091,224327.2969,1.1282492,1.09831,-0.012600000000000167,0.0
1608.0,28.05.2015 00:00:00.000,1.08975,1.09742,1.08671,1.09624,233974.9531,1.1119298,1.11103,0.014789999999999859,0.0
1611.0,31.05.2015 00:00:00.000,1.09803,1.09885,1.09521,1.09571,7431.9302,1.1088357,1.128,0.03228999999999993,0.0
1619.0,08.06.2015 00:00:00.000,1.11023,1.13068,1.10842,1.128,220008.5469,1.1331066,1.12413,-0.003869999999999818,0.0
1622.0,11.06.2015 00:00:00.000,1.13099,1.13315,1.1182,1.12458,203174.375,1.1321636,1.13487,0.010290000000000132,0.0
1642.0,01.07.2015 00:00:00.000,1.11318,1.11713,1.10321,1.10368,192840.125,1.1200492,1.10605,0.0023699999999999832,0.0
1650.0,09.07.2015 00:00:00.000,1.10708,1.11249,1.09915,1.10605,195008.0938,1.1040462,1.08261,0.0,0.023439999999999905
1656.0,15.07.2015 00:00:00.000,1.10063,1.10355,1.09299,1.09376,195587.6719,1.1072617,1.09871,0.00495000000000001,0.0
1660.0,19.07.2015 00:00:00.000,1.08295,1.0844,1.08282,1.083,7247.8198,1.0952476,1.10884,0.025840000000000085,0.0
1665.0,24.07.2015 00:00:00.000,1.0987,1.09957,1.09253,1.09795,139853.5156,1.0953062,1.09674,0.0,0.0012099999999999334
1667.0,26.07.2015 00:00:00.000,1.09813,1.09827,1.09689,1.09721,4898.9302,1.0968127,1.09506,0.0,0.0021500000000000963
1669.0,28.07.2015 00:00:00.000,1.10884,1.10996,1.10221,1.1065,160387.5156,1.1022749,1.09029,0.0,0.016210000000000058
1677.0,05.08.2015 00:00:00.000,1.08849,1.09342,1.08481,1.09029,198887.2813,1.0945603,1.11581,0.025519999999999987,0.0
1686.0,14.08.2015 00:00:00.000,1.11581,1.11887,1.10978,1.11062,138449.6406,1.1059537,1.13761,0.0,-0.02699000000000007
1699.0,27.08.2015 00:00:00.000,1.13386,1.13644,1.1203,1.1243,225573.0156,1.134434,1.11499,-0.009310000000000151,0.0
1704.0,01.09.2015 00:00:00.000,1.1224,1.1332,1.12232,1.12954,211138.25,1.1289856,1.1218,0.0,0.00774000000000008
1707.0,04.09.2015 00:00:00.000,1.11239,1.11895,1.10898,1.11499,165597.9844,1.120922,1.1342,0.01921000000000017,0.0
1719.0,16.09.2015 00:00:00.000,1.12701,1.13204,1.1214,1.12907,166865.5781,1.1384755,1.118,-0.011069999999999913,0.0
1723.0,20.09.2015 00:00:00.000,1.12807,1.12975,1.12807,1.12906,9704.9697,1.1350633,1.12292,-0.006140000000000034,0.0
1725.0,22.09.2015 00:00:00.000,1.11881,1.12075,1.11132,1.11203,166624.6563,1.1219296,1.11704,0.005009999999999959,0.0
1727.0,24.09.2015 00:00:00.000,1.11874,1.12958,1.116,1.118,189413.9531,1.1199809,1.12065,0.002649999999999819,0.0
1731.0,28.09.2015 00:00:00.000,1.11993,1.12477,1.11468,1.12292,182715.5,1.1151713,1.12676,0.0,-0.0038400000000000656
1732.0,29.09.2015 00:00:00.000,1.12293,1.12813,1.11939,1.1253,206660.0625,1.1190909,1.12378,0.0,0.0015199999999999658
1733.0,30.09.2015 00:00:00.000,1.12531,1.12614,1.11574,1.11704,189017.375,1.1159046,1.12844,0.0,-0.011400000000000077
1738.0,05.10.2015 00:00:00.000,1.1219,1.12892,1.11734,1.11952,159890.6406,1.127975,1.13833,0.018809999999999993,0.0
1745.0,12.10.2015 00:00:00.000,1.13675,1.13968,1.13517,1.13518,121164.9375,1.1358936,1.13543,0.00024999999999986144,0.0
1747.0,14.10.2015 00:00:00.000,1.13836,1.14891,1.13832,1.14736,180400.375,1.1368738,1.10818,0.0,0.03917999999999999
1767.0,03.11.2015 00:00:00.000,1.10145,1.10301,1.09363,1.09617,162700.7813,1.1009197,1.07633,-0.01984000000000008,0.0
1777.0,13.11.2015 00:00:00.000,1.08082,1.08094,1.0714,1.07701,176144.2031,1.0695684,1.06372,0.0,0.013290000000000024
1796.0,02.12.2015 00:00:00.000,1.06263,1.06324,1.05508,1.06104,218342.5625,1.0931185,1.09468,0.033640000000000114,0.0
1809.0,15.12.2015 00:00:00.000,1.09912,1.10596,1.09046,1.09338,209032.3125,1.0998775,1.0908,-0.0025800000000000267,0.0
1822.0,28.12.2015 00:00:00.000,1.09642,1.09923,1.09559,1.09745,118917.7031,1.089138,1.07766,0.0,0.019789999999999974
1823.0,29.12.2015 00:00:00.000,1.09746,1.09917,1.08991,1.09256,130524.5938,1.089461,1.09255,0.0,1.0000000000065512e-05
1847.0,22.01.2016 00:00:00.000,1.08581,1.08629,1.07892,1.07947,335113.9063,1.1053259,1.08253,0.0030600000000000627,0.0
1858.0,02.02.2016 00:00:00.000,1.08957,1.09399,1.08924,1.09184,289006.9688,1.1088572,1.12838,0.03654000000000002,0.0
1867.0,11.02.2016 00:00:00.000,1.12839,1.13762,1.12741,1.13159,412261.4375,1.1227777,1.11284,0.0,0.018750000000000044
1871.0,15.02.2016 00:00:00.000,1.12232,1.12389,1.1128,1.11762,258790.3125,1.1127944,1.10234,0.0,0.01527999999999996
1872.0,16.02.2016 00:00:00.000,1.11762,1.11931,1.11242,1.11429,327288.6875,1.1104283,1.1014,0.0,0.012890000000000068
1873.0,17.02.2016 00:00:00.000,1.1143,1.1179,1.1106,1.11204,338320.0,1.1095766,1.10231,0.0,0.009730000000000016
1874.0,18.02.2016 00:00:00.000,1.11205,1.11497,1.1071,1.11075,344235.1875,1.1059667,1.093,0.0,0.017749999999999932
1877.0,21.02.2016 00:00:00.000,1.11103,1.11246,1.11101,1.11218,12360.7998,1.106606,1.08853,0.0,0.02364999999999995
1881.0,25.02.2016 00:00:00.000,1.1014,1.10498,1.09867,1.10231,340465.625,1.1093751,1.10055,-0.0017599999999999838,0.0
1888.0,03.03.2016 00:00:00.000,1.08693,1.09727,1.08536,1.09455,335634.1875,1.1108787,1.11468,0.02012999999999998,0.0
1891.0,06.03.2016 00:00:00.000,1.09886,1.09972,1.0988,1.09913,9280.2695,1.1122596,1.10999,0.010860000000000092,0.0
1906.0,21.03.2016 00:00:00.000,1.12744,1.12848,1.1233,1.12349,288874.8125,1.1151321,1.12892,0.0,-0.005429999999999824
1915.0,30.03.2016 00:00:00.000,1.12893,1.13654,1.12863,1.13327,340341.5313,1.1248987,1.13668,0.0,-0.003409999999999913
1922.0,06.04.2016 00:00:00.000,1.13805,1.14316,1.13266,1.14001,255691.4531,1.139737,1.12651,0.0,0.013500000000000068
1923.0,07.04.2016 00:00:00.000,1.14002,1.14539,1.13376,1.13668,284966.0,1.1387789,1.12823,-0.008449999999999847,0.0
1924.0,08.04.2016 00:00:00.000,1.13667,1.14193,1.13491,1.1395,235422.7031,1.1396006,1.12975,-0.009749999999999925,0.0
1927.0,11.04.2016 00:00:00.000,1.14047,1.14473,1.13723,1.14102,237009.9375,1.139737,1.13583,0.0,0.005190000000000028
1929.0,13.04.2016 00:00:00.000,1.1383,1.13912,1.12682,1.12779,265812.625,1.1328356,1.12902,0.0012299999999998423,0.0
1941.0,25.04.2016 00:00:00.000,1.12312,1.12781,1.12235,1.12664,234944.9063,1.136199,1.15008,0.023439999999999905,0.0
1948.0,02.05.2016 00:00:00.000,1.14608,1.1536,1.14482,1.15234,211397.3594,1.1534756,1.1373,-0.015039999999999942,0.0
1952.0,06.05.2016 00:00:00.000,1.14004,1.14802,1.13866,1.14023,232430.125,1.1464915,1.13172,-0.008510000000000018,0.0
1962.0,16.05.2016 00:00:00.000,1.13173,1.13422,1.13029,1.13151,175442.7969,1.1289881,1.11352,0.0,0.01798999999999995
1964.0,18.05.2016 00:00:00.000,1.13141,1.13161,1.12141,1.12195,234894.3438,1.1232798,1.11915,-0.0027999999999999137,0.0
1969.0,23.05.2016 00:00:00.000,1.12204,1.12428,1.11875,1.12129,182541.2031,1.1228508,1.1134,-0.007889999999999953,0.0
1970.0,24.05.2016 00:00:00.000,1.12131,1.12271,1.11324,1.11352,215210.0938,1.1187372,1.11875,0.005229999999999846,0.0
1975.0,29.05.2016 00:00:00.000,1.11126,1.11154,1.11068,1.11082,10520.7695,1.1114886,1.13627,0.025449999999999973,0.0
1976.0,30.05.2016 00:00:00.000,1.1108,1.11495,1.10978,1.11475,118135.0,1.1107224,1.13557,0.0,-0.02082000000000006
1982.0,05.06.2016 00:00:00.000,1.13533,1.13715,1.13448,1.13512,15770.9004,1.1187402,1.12877,0.0,0.006349999999999856
1987.0,10.06.2016 00:00:00.000,1.13098,1.13214,1.12452,1.12498,196036.6563,1.1185992,1.13469,0.0,-0.009709999999999885
1990.0,13.06.2016 00:00:00.000,1.12379,1.13028,1.12323,1.12877,201026.0469,1.1178975,1.12494,0.0,0.00383
1991.0,14.06.2016 00:00:00.000,1.12877,1.12985,1.11889,1.12103,198706.8281,1.1119728,1.13256,0.0,-0.01153000000000004
1999.0,22.06.2016 00:00:00.000,1.12495,1.13475,1.12366,1.13256,228912.9531,1.1198459,1.1103,0.0,0.022259999999999946
2000.0,23.06.2016 00:00:00.000,1.13257,1.14278,1.12693,1.13328,264083.1563,1.1242045,1.11365,0.0,0.019630000000000036
2004.0,27.06.2016 00:00:00.000,1.10395,1.10837,1.09709,1.10137,293307.875,1.1131396,1.10635,0.0049799999999999844,0.0
2007.0,30.06.2016 00:00:00.000,1.11221,1.11545,1.10241,1.1103,276728.0,1.1129551,1.10497,-0.005330000000000057,0.0
2011.0,04.07.2016 00:00:00.000,1.11273,1.11595,1.10979,1.11444,155125.2969,1.1110018,1.106,0.0,0.008440000000000003
2012.0,05.07.2016 00:00:00.000,1.11443,1.11863,1.10581,1.10635,215501.8125,1.106912,1.10949,0.0031400000000001427,0.0
2020.0,13.07.2016 00:00:00.000,1.106,1.11199,1.1042,1.10949,227676.875,1.1049355,1.1032,0.0,0.006290000000000129
2026.0,19.07.2016 00:00:00.000,1.10681,1.10804,1.1,1.10135,204482.0,1.0986242,1.10671,0.0,-0.005360000000000031
2027.0,20.07.2016 00:00:00.000,1.10135,1.10301,1.09815,1.10163,676855.5,1.0972669,1.10825,0.0,-0.006619999999999848
2034.0,27.07.2016 00:00:00.000,1.09871,1.10737,1.09612,1.10671,922284.125,1.1078545,1.11347,0.006759999999999877,0.0
2035.0,28.07.2016 00:00:00.000,1.10671,1.11195,1.10591,1.10825,1100398.25,1.1071837,1.10854,0.0,-0.0002900000000001235
2041.0,03.08.2016 00:00:00.000,1.12178,1.1219,1.11406,1.11501,897749.5,1.1162838,1.11382,-0.0011900000000000244,0.0
2055.0,17.08.2016 00:00:00.000,1.12759,1.13159,1.12407,1.12989,803391.0625,1.1199148,1.12865,0.0,0.0012400000000001299
2061.0,23.08.2016 00:00:00.000,1.13171,1.13553,1.12996,1.13016,954660.875,1.1157324,1.11562,0.0,0.014539999999999997
2063.0,25.08.2016 00:00:00.000,1.12609,1.12974,1.12592,1.12865,621790.5,1.1144627,1.11539,0.0,0.013259999999999827
2069.0,31.08.2016 00:00:00.000,1.11498,1.11654,1.11232,1.11562,1098957.375,1.1133745,1.12684,0.0,-0.011220000000000008
2071.0,02.09.2016 00:00:00.000,1.11985,1.12521,1.11503,1.11539,1075797.875,1.1164051,1.12406,0.008669999999999956,0.0
2088.0,19.09.2016 00:00:00.000,1.11576,1.11978,1.11507,1.11771,1147771.375,1.1188787,1.1217,0.003989999999999938,0.0
2090.0,21.09.2016 00:00:00.000,1.1153,1.11966,1.1123,1.1189,1286159.125,1.114288,1.12186,0.0,-0.0029600000000000737
2095.0,26.09.2016 00:00:00.000,1.12373,1.12792,1.12211,1.125,1170617.75,1.1153303,1.12091,0.0,0.004089999999999927
2099.0,30.09.2016 00:00:00.000,1.12187,1.12507,1.11533,1.12392,1372345.25,1.110661,1.11945,0.0,0.004469999999999974
2102.0,03.10.2016 00:00:00.000,1.12328,1.12416,1.12052,1.12091,1000987.125,1.110755,1.10573,0.0,0.015179999999999971
2105.0,06.10.2016 00:00:00.000,1.12059,1.12103,1.11252,1.11418,1092857.875,1.1044648,1.09697,0.0,0.017209999999999948
2112.0,13.10.2016 00:00:00.000,1.10103,1.10581,1.09855,1.10479,1030775.375,1.1027101,1.08818,0.0,0.016610000000000014
2117.0,18.10.2016 00:00:00.000,1.10107,1.10263,1.097,1.09746,962075.5,1.1006795,1.09095,-0.006510000000000016,0.0
2120.0,21.10.2016 00:00:00.000,1.09293,1.09295,1.08592,1.08818,951558.3125,1.0929201,1.0982,0.01002000000000014,0.0
2122.0,23.10.2016 00:00:00.000,1.08811,1.08843,1.08742,1.088,42526.0781,1.0962459,1.09707,0.009069999999999911,0.0
2124.0,25.10.2016 00:00:00.000,1.0873,1.0905,1.08511,1.08861,193149.4531,1.0989136,1.10939,0.02078000000000002,0.0
2159.0,29.11.2016 00:00:00.000,1.06188,1.06542,1.05649,1.06472,226346.875,1.0651293,1.07592,0.011199999999999877,0.0
2160.0,30.11.2016 00:00:00.000,1.06472,1.06666,1.05527,1.05903,280866.0313,1.062277,1.06211,0.0030800000000001937,0.0
2164.0,04.12.2016 00:00:00.000,1.06262,1.0627,1.05055,1.05675,24976.7305,1.0511798,1.06421,0.0,-0.007460000000000022
2165.0,05.12.2016 00:00:00.000,1.05675,1.07963,1.05374,1.07564,307861.0,1.0546447,1.06274,0.0,0.012899999999999912
2168.0,08.12.2016 00:00:00.000,1.07591,1.08734,1.05973,1.06211,246892.625,1.0402186,1.04483,0.0,0.017280000000000184
2171.0,11.12.2016 00:00:00.000,1.05312,1.05498,1.05312,1.0546,6896.0801,1.0378666,1.04027,0.0,0.014329999999999954
2173.0,13.12.2016 00:00:00.000,1.06419,1.06671,1.06037,1.06274,209177.1406,1.0463157,1.04263,0.0,0.020110000000000072
2175.0,15.12.2016 00:00:00.000,1.0512,1.05228,1.03665,1.04167,283705.0938,1.0477804,1.04532,0.003649999999999931,0.0
2179.0,19.12.2016 00:00:00.000,1.04466,1.04795,1.03924,1.04027,185142.4375,1.050587,1.04614,0.005870000000000042,0.0
2185.0,25.12.2016 00:00:00.000,1.04416,1.04577,1.0438,1.04523,2361.49,1.0550117,1.04575,0.0005199999999998539,0.0
2189.0,29.12.2016 00:00:00.000,1.04144,1.06526,1.04139,1.05658,179377.0469,1.0649239,1.0529,-0.0036800000000001276,0.0
2197.0,06.01.2017 00:00:00.000,1.06039,1.06221,1.0525,1.0529,226026.6563,1.0744328,1.06272,0.009820000000000162,0.0
2201.0,10.01.2017 00:00:00.000,1.05858,1.06272,1.05509,1.05522,227707.0156,1.0721183,1.0628,0.00757999999999992,0.0
2203.0,12.01.2017 00:00:00.000,1.05942,1.06847,1.05714,1.06162,283076.2813,1.0675014,1.0699,0.008280000000000065,0.0
2206.0,15.01.2017 00:00:00.000,1.06039,1.06358,1.0603,1.06272,7140.4399,1.0642793,1.07591,0.013189999999999813,0.0
2209.0,18.01.2017 00:00:00.000,1.06966,1.07123,1.06244,1.0628,241426.3125,1.0688423,1.06834,0.0055400000000001,0.0
2218.0,27.01.2017 00:00:00.000,1.06834,1.0725,1.06584,1.06958,210667.5625,1.0731806,1.07824,0.008660000000000112,0.0
2220.0,29.01.2017 00:00:00.000,1.07213,1.07214,1.0708,1.07169,6970.9702,1.0706406,1.0743,0.0,-0.002610000000000001
2225.0,03.02.2017 00:00:00.000,1.07618,1.07975,1.07115,1.07818,228892.2031,1.065338,1.06187,0.0,0.016309999999999825
2232.0,10.02.2017 00:00:00.000,1.06571,1.06677,1.06077,1.06397,238342.0156,1.0559875,1.06251,0.0,0.0014600000000000168
2242.0,20.02.2017 00:00:00.000,1.0625,1.06299,1.06031,1.06088,141470.8125,1.0602125,1.05692,0.0,0.0039599999999999635
2245.0,23.02.2017 00:00:00.000,1.05505,1.05952,1.05376,1.05839,236701.4688,1.066519,1.06203,0.0036400000000000876,0.0
2251.0,01.03.2017 00:00:00.000,1.05691,1.05894,1.05142,1.05359,287665.8438,1.0714682,1.05794,0.004350000000000076,0.0
2256.0,06.03.2017 00:00:00.000,1.06207,1.06399,1.05747,1.05789,198254.4063,1.071479,1.06119,0.0033000000000000806,0.0
2257.0,07.03.2017 00:00:00.000,1.05789,1.06025,1.05581,1.05692,191883.2813,1.0726757,1.07375,0.0168299999999999,0.0
2262.0,12.03.2017 00:00:00.000,1.06747,1.06925,1.06747,1.06894,7112.3901,1.073503,1.07368,0.0047399999999999665,0.0
2263.0,13.03.2017 00:00:00.000,1.06894,1.07142,1.06448,1.06507,209422.7813,1.0711564,1.08125,0.016180000000000083,0.0
2266.0,16.03.2017 00:00:00.000,1.07376,1.07742,1.07057,1.07718,234024.4375,1.076266,1.07969,0.0,-0.0025100000000000122
2270.0,20.03.2017 00:00:00.000,1.07421,1.07772,1.0719,1.07368,172443.5625,1.0700719,1.08162,0.0,-0.007940000000000058
2271.0,21.03.2017 00:00:00.000,1.07368,1.08191,1.07353,1.08125,223229.9063,1.0736096,1.07583,0.0,0.00541999999999998
2281.0,31.03.2017 00:00:00.000,1.06875,1.07018,1.06508,1.06528,184913.1875,1.0616136,1.05805,0.0,0.00723000000000007
2286.0,05.04.2017 00:00:00.000,1.06779,1.06889,1.06349,1.06717,196366.4375,1.0643569,1.06148,0.0,0.005689999999999973
2291.0,10.04.2017 00:00:00.000,1.05806,1.06064,1.05698,1.05971,144021.0,1.0655581,1.07274,0.013030000000000097,0.0
2305.0,24.04.2017 00:00:00.000,1.08733,1.08774,1.08207,1.08649,202360.9844,1.0963928,1.09346,0.006970000000000143,0.0
2308.0,27.04.2017 00:00:00.000,1.09083,1.09327,1.08517,1.0865,178829.875,1.0975294,1.0995,0.0129999999999999,0.0
2316.0,05.05.2017 00:00:00.000,1.09806,1.09995,1.09494,1.0995,160752.2656,1.0856694,1.09277,0.0,0.006729999999999903
2319.0,08.05.2017 00:00:00.000,1.09647,1.09968,1.09164,1.09265,179271.9063,1.0844755,1.10933,0.0,-0.016680000000000028
2325.0,14.05.2017 00:00:00.000,1.09288,1.0935,1.09226,1.09277,6705.23,1.0974451,1.12373,0.030959999999999877,0.0
2332.0,21.05.2017 00:00:00.000,1.11917,1.121,1.11916,1.12032,11924.5898,1.1236323,1.1129,-0.007419999999999982,0.0
2339.0,28.05.2017 00:00:00.000,1.11701,1.11849,1.11672,1.1176,7786.6499,1.1227069,1.12573,0.00812999999999997,0.0
2355.0,13.06.2017 00:00:00.000,1.11972,1.12249,1.11852,1.12091,155648.2344,1.1280369,1.11667,-0.0042400000000000215,0.0
2356.0,14.06.2017 00:00:00.000,1.12091,1.12958,1.1193,1.12129,226322.0313,1.1296399,1.11497,-0.006319999999999881,0.0
2369.0,27.06.2017 00:00:00.000,1.11827,1.13494,1.118,1.13369,258372.0469,1.1310581,1.13464,0.0,-0.0009500000000000064
2375.0,03.07.2017 00:00:00.000,1.14234,1.14248,1.1355,1.13723,173833.4375,1.141094,1.14738,0.010150000000000103,0.0
2376.0,04.07.2017 00:00:00.000,1.13723,1.13769,1.13359,1.13595,156219.6406,1.140987,1.14533,0.009379999999999944,0.0
2382.0,10.07.2017 00:00:00.000,1.14032,1.1418,1.13817,1.13963,161246.9844,1.1365615,1.15478,0.0,-0.015149999999999997
2388.0,16.07.2017 00:00:00.000,1.147,1.1475,1.1465,1.1474,17420.6191,1.1432223,1.16384,0.0,-0.01644000000000001
2389.0,17.07.2017 00:00:00.000,1.14739,1.1487,1.14348,1.14732,187573.6563,1.1435254,1.16444,0.0,-0.017120000000000024
2391.0,19.07.2017 00:00:00.000,1.15477,1.15533,1.15099,1.15287,198068.5781,1.1523961,1.16898,0.0,-0.016109999999999847
2403.0,31.07.2017 00:00:00.000,1.17469,1.18454,1.17231,1.18208,236964.9844,1.1760806,1.1754,0.0,0.006680000000000019
2404.0,01.08.2017 00:00:00.000,1.18207,1.18389,1.17852,1.18109,226683.6406,1.1772825,1.17631,0.0,0.0047800000000000065
2409.0,06.08.2017 00:00:00.000,1.17734,1.17929,1.17706,1.17769,14147.6699,1.1726753,1.17755,0.0,0.00013999999999980695
2413.0,10.08.2017 00:00:00.000,1.17631,1.17851,1.17041,1.177,226661.125,1.1740816,1.17591,0.0,0.0010900000000000354
2420.0,17.08.2017 00:00:00.000,1.17737,1.17899,1.16622,1.17156,250161.1563,1.17828,1.19219,0.020630000000000148,0.0
2448.0,14.09.2017 00:00:00.000,1.18879,1.19228,1.1838,1.1921,243548.375,1.1989858,1.19466,0.0025600000000001177,0.0
2451.0,17.09.2017 00:00:00.000,1.19196,1.19503,1.19174,1.19378,8915.3701,1.201462,1.18555,-0.00822999999999996,0.0
2472.0,08.10.2017 00:00:00.000,1.17271,1.17435,1.17267,1.17424,9578.3701,1.1766036,1.17945,0.005210000000000159,0.0
2476.0,12.10.2017 00:00:00.000,1.1864,1.18797,1.18252,1.18309,202787.5313,1.1854368,1.17817,-0.0049200000000000355,0.0
2477.0,13.10.2017 00:00:00.000,1.18309,1.18748,1.18053,1.18191,199617.875,1.1849272,1.17546,-0.006450000000000067,0.0
2484.0,20.10.2017 00:00:00.000,1.18485,1.18579,1.17624,1.17817,208817.7031,1.1865858,1.16056,-0.017609999999999904,0.0
2487.0,23.10.2017 00:00:00.000,1.17552,1.17774,1.1725,1.17548,182440.8594,1.181995,1.16518,-0.010299999999999976,0.0
2489.0,25.10.2017 00:00:00.000,1.17599,1.18203,1.1753,1.18195,217868.6875,1.1861638,1.16586,-0.01609000000000016,0.0
2493.0,29.10.2017 00:00:00.000,1.16067,1.16153,1.15937,1.16056,7551.2998,1.1652566,1.16113,0.0005699999999999594,0.0
2507.0,12.11.2017 00:00:00.000,1.16572,1.16646,1.16558,1.16609,5708.48,1.168354,1.17371,0.00761999999999996,0.0
2508.0,13.11.2017 00:00:00.000,1.16609,1.16751,1.16373,1.16646,162501.75,1.1679044,1.17416,0.00770000000000004,0.0
2509.0,14.11.2017 00:00:00.000,1.16646,1.1805,1.16625,1.17906,182637.5625,1.176784,1.18146,0.0,-0.0023999999999999577
2510.0,15.11.2017 00:00:00.000,1.17907,1.18604,1.17683,1.17826,213275.4531,1.1795081,1.18503,0.006769999999999943,0.0
2516.0,21.11.2017 00:00:00.000,1.17372,1.17577,1.17128,1.17416,184422.125,1.1767864,1.1852,0.011039999999999939,0.0
2518.0,23.11.2017 00:00:00.000,1.18147,1.18559,1.18132,1.18503,148633.8594,1.1855171,1.18942,0.004389999999999894,0.0
2530.0,05.12.2017 00:00:00.000,1.18677,1.18766,1.18007,1.18304,212470.5,1.1875355,1.18361,0.0005699999999999594,0.0
2536.0,11.12.2017 00:00:00.000,1.17675,1.18117,1.17639,1.17762,191002.5156,1.1787895,1.18369,0.00607000000000002,0.0
2540.0,15.12.2017 00:00:00.000,1.17745,1.18123,1.17488,1.17492,200470.3438,1.1793299,1.18505,0.010129999999999972,0.0
2543.0,18.12.2017 00:00:00.000,1.17432,1.18342,1.1742,1.17837,199837.2031,1.1811377,1.18571,0.007340000000000124,0.0
2554.0,29.12.2017 00:00:00.000,1.19395,1.20254,1.19369,1.19985,171777.125,1.2022156,1.19698,-0.00287000000000015,0.0
2561.0,05.01.2018 00:00:00.000,1.20663,1.20829,1.20205,1.20304,189702.3438,1.2110054,1.21919,0.016149999999999887,0.0
2565.0,09.01.2018 00:00:00.000,1.19698,1.19755,1.19156,1.19284,205626.3438,1.2029325,1.21802,0.025180000000000202,0.0
2566.0,10.01.2018 00:00:00.000,1.19282,1.20179,1.19231,1.19558,253338.2031,1.2046643,1.2234,0.027819999999999956,0.0
2574.0,18.01.2018 00:00:00.000,1.21804,1.22648,1.21734,1.2234,254020.75,1.2325978,1.24283,0.01943000000000006,0.0
2579.0,23.01.2018 00:00:00.000,1.22564,1.23152,1.2223,1.23086,257732.125,1.2366511,1.24168,0.01081999999999983,0.0
2581.0,25.01.2018 00:00:00.000,1.23921,1.25373,1.23639,1.23914,367825.875,1.2473904,1.24559,0.006450000000000067,0.0
2589.0,02.02.2018 00:00:00.000,1.25107,1.25182,1.24092,1.24559,299589.6875,1.2508076,1.22522,-0.02037,0.0
2591.0,04.02.2018 00:00:00.000,1.2432,1.24547,1.24243,1.24462,13303.75,1.2505372,1.23004,-0.014580000000000037,0.0
2594.0,07.02.2018 00:00:00.000,1.23803,1.24055,1.22459,1.227,316532.5625,1.2332233,1.25027,0.023269999999999902,0.0
2612.0,25.02.2018 00:00:00.000,1.22928,1.22947,1.22809,1.22883,6659.2402,1.228056,1.23365,0.0,-0.004819999999999824
2615.0,28.02.2018 00:00:00.000,1.22258,1.22412,1.21878,1.21915,254894.875,1.2136469,1.23067,0.0,-0.011519999999999975
2616.0,01.03.2018 00:00:00.000,1.21915,1.22747,1.21546,1.2271,281951.8125,1.2162484,1.23041,0.0,-0.003309999999999924
2620.0,05.03.2018 00:00:00.000,1.23176,1.23487,1.22688,1.23365,247128.5781,1.2275842,1.23928,0.0,-0.005630000000000024
2635.0,20.03.2018 00:00:00.000,1.23365,1.23545,1.22399,1.22482,237447.9844,1.2243683,1.23125,0.0,-0.006429999999999936
2638.0,23.03.2018 00:00:00.000,1.23239,1.23733,1.23166,1.23522,250785.8906,1.2330322,1.23125,0.0,0.003970000000000029
2642.0,27.03.2018 00:00:00.000,1.2457,1.24765,1.23723,1.24087,311755.9375,1.2410905,1.22872,-0.012149999999999883,0.0
2643.0,28.03.2018 00:00:00.000,1.24086,1.24215,1.23001,1.23125,268466.7813,1.2358736,1.22485,-0.006399999999999961,0.0
2647.0,01.04.2018 00:00:00.000,1.23199,1.2323,1.23124,1.23125,7856.4102,1.234048,1.23206,0.0008099999999999774,0.0
2651.0,05.04.2018 00:00:00.000,1.22873,1.22901,1.22182,1.22485,230162.875,1.2235143,1.23282,0.0,-0.007970000000000033
2668.0,22.04.2018 00:00:00.000,1.22699,1.2288,1.22699,1.22737,10516.4502,1.2295074,1.20815,-0.019220000000000015,0.0
2670.0,24.04.2018 00:00:00.000,1.22094,1.22448,1.21817,1.22372,225410.9688,1.2228022,1.19504,0.0,0.028679999999999817
2672.0,26.04.2018 00:00:00.000,1.21707,1.22099,1.20962,1.21081,255335.2188,1.2103095,1.1955,0.0,0.015309999999999935
2680.0,04.05.2018 00:00:00.000,1.19886,1.19954,1.19107,1.1955,207802.2188,1.1833884,1.19524,0.0,0.00025999999999992696
2683.0,07.05.2018 00:00:00.000,1.19544,1.19779,1.18975,1.19331,200538.6094,1.1805775,1.18203,0.0,0.011280000000000179
2687.0,11.05.2018 00:00:00.000,1.19137,1.19678,1.18911,1.19395,216401.9531,1.1787158,1.17651,0.0,0.017440000000000122
2697.0,21.05.2018 00:00:00.000,1.17651,1.17973,1.17165,1.17899,229934.4375,1.165798,1.15375,0.0,0.02523999999999993
2725.0,18.06.2018 00:00:00.000,1.1593,1.1641,1.15653,1.16298,215886.4219,1.1632582,1.16493,0.0019500000000001183,0.0
2726.0,19.06.2018 00:00:00.000,1.16297,1.16445,1.15307,1.15881,273936.4688,1.1612328,1.15629,-0.0025199999999998557,0.0
2739.0,02.07.2018 00:00:00.000,1.16778,1.16789,1.15911,1.16415,242756.4531,1.1680014,1.17279,0.008639999999999981,0.0
2746.0,09.07.2018 00:00:00.000,1.17514,1.17906,1.17326,1.1756,238514.0625,1.169859,1.1653,0.0,0.010299999999999976
2750.0,13.07.2018 00:00:00.000,1.16637,1.16868,1.16129,1.16843,229295.9063,1.1660954,1.17403,0.0,-0.005599999999999827
2753.0,16.07.2018 00:00:00.000,1.16783,1.17253,1.16756,1.1709,234071.25,1.170627,1.16845,0.0,0.0024500000000000632
2756.0,19.07.2018 00:00:00.000,1.16449,1.16785,1.15748,1.16544,313041.2813,1.1687689,1.16559,0.00014999999999987246,0.0
2759.0,22.07.2018 00:00:00.000,1.17252,1.17453,1.17233,1.17403,13401.2305,1.1786512,1.17071,-0.0033199999999999896,0.0
2767.0,30.07.2018 00:00:00.000,1.16591,1.17186,1.16479,1.17071,194144.9531,1.1712121,1.16029,-0.010419999999999874,0.0
2801.0,02.09.2018 00:00:00.000,1.15961,1.16037,1.15926,1.1598,7132.98,1.1528413,1.15935,0.0,0.0004499999999998394
2803.0,04.09.2018 00:00:00.000,1.16139,1.16141,1.15301,1.15871,219100.5938,1.1503764,1.16253,0.0,-0.0038200000000001566
2804.0,05.09.2018 00:00:00.000,1.15872,1.164,1.15425,1.16344,260146.5469,1.1535028,1.16911,0.0,-0.005670000000000064
2811.0,12.09.2018 00:00:00.000,1.15954,1.16496,1.15699,1.16253,231822.6719,1.1619469,1.17755,0.0,-0.015020000000000033
2813.0,14.09.2018 00:00:00.000,1.16912,1.17215,1.16206,1.16227,205084.9375,1.1651921,1.17485,0.012580000000000036,0.0
2817.0,18.09.2018 00:00:00.000,1.16686,1.17243,1.16521,1.16775,225014.8125,1.168855,1.17469,0.006939999999999946,0.0
2818.0,19.09.2018 00:00:00.000,1.16777,1.17149,1.165,1.1674,228799.5,1.1667349,1.1636,0.0,0.0038000000000000256
2833.0,04.10.2018 00:00:00.000,1.14765,1.15426,1.14633,1.15173,230818.875,1.1520152,1.15571,0.003980000000000095,0.0
2846.0,17.10.2018 00:00:00.000,1.15763,1.15803,1.14953,1.15011,242886.6563,1.1526774,1.13753,-0.012580000000000036,0.0
2850.0,21.10.2018 00:00:00.000,1.15149,1.15179,1.15084,1.15105,8602.6299,1.1477009,1.13755,0.0,0.013499999999999845
2853.0,24.10.2018 00:00:00.000,1.14706,1.14766,1.13789,1.13988,259360.0625,1.1374338,1.14027,0.0,-0.00038999999999989043
2857.0,28.10.2018 00:00:00.000,1.13921,1.14038,1.13921,1.1398,7206.6499,1.1386573,1.14083,0.0,-0.0010300000000000864
2867.0,07.11.2018 00:00:00.000,1.1441,1.14995,1.13947,1.14325,299458.5625,1.1411289,1.13243,0.0,0.010820000000000052
2868.0,08.11.2018 00:00:00.000,1.14325,1.14465,1.13515,1.13679,253817.375,1.135113,1.14185,0.0,-0.0050600000000000644
2869.0,09.11.2018 00:00:00.000,1.13678,1.13689,1.13161,1.13342,240480.625,1.1304709,1.14136,0.0,-0.007939999999999836
2876.0,16.11.2018 00:00:00.000,1.13244,1.14202,1.13216,1.14185,245949.2344,1.1209241,1.13374,0.0,0.008110000000000062
2885.0,25.11.2018 00:00:00.000,1.13401,1.13407,1.13305,1.13374,9716.54,1.125858,1.13541,0.0,-0.0016700000000000603
2886.0,26.11.2018 00:00:00.000,1.13374,1.13837,1.1325,1.13331,228041.9531,1.1254759,1.13424,0.0,-0.0009299999999998754
2889.0,29.11.2018 00:00:00.000,1.13674,1.14016,1.13486,1.13924,264739.7188,1.126826,1.13758,0.0,0.0016599999999999948
2899.0,09.12.2018 00:00:00.000,1.13909,1.14067,1.13906,1.13995,9642.3301,1.1259844,1.13493,0.0,0.0050200000000000244
2900.0,10.12.2018 00:00:00.000,1.13996,1.14426,1.13504,1.13558,256937.5781,1.1253152,1.13758,0.0,-0.0020000000000000018
2909.0,19.12.2018 00:00:00.000,1.13756,1.14392,1.13643,1.13865,396079.875,1.1289479,1.14304,0.0,-0.004390000000000116
2910.0,20.12.2018 00:00:00.000,1.13865,1.14859,1.13771,1.14565,521394.2813,1.1328311,1.14414,0.0,0.0015100000000001224
2913.0,23.12.2018 00:00:00.000,1.13692,1.13738,1.13604,1.13723,9257.1201,1.1295134,1.14627,0.0,-0.009039999999999937
2918.0,28.12.2018 00:00:00.000,1.14306,1.14727,1.14299,1.14414,444843.9375,1.139204,1.14102,0.0,0.0031200000000000117
2921.0,31.12.2018 00:00:00.000,1.14389,1.14674,1.14213,1.14627,306212.9688,1.142294,1.14572,0.0,0.0005499999999998284
2923.0,02.01.2019 00:00:00.000,1.14612,1.14967,1.13092,1.13121,455444.6563,1.1373897,1.15081,0.019600000000000062,0.0
2928.0,07.01.2019 00:00:00.000,1.14102,1.14826,1.14046,1.14789,362818.625,1.1430454,1.14141,0.0,0.006480000000000041
2935.0,14.01.2019 00:00:00.000,1.14598,1.1482,1.14506,1.14726,347342.125,1.1409435,1.13633,0.0,0.010929999999999884
2943.0,22.01.2019 00:00:00.000,1.13687,1.13739,1.13361,1.13633,365964.5625,1.1400877,1.14853,0.012199999999999989,0.0
2944.0,23.01.2019 00:00:00.000,1.13634,1.13942,1.13505,1.13861,378517.625,1.1409037,1.14482,0.006210000000000049,0.0
2948.0,27.01.2019 00:00:00.000,1.14005,1.14134,1.14004,1.14127,7595.1001,1.1410824,1.14349,0.0,-0.0022199999999998887
2950.0,29.01.2019 00:00:00.000,1.14295,1.14501,1.14111,1.14348,424913.4375,1.1404945,1.13656,0.0,0.006920000000000037
2957.0,05.02.2019 00:00:00.000,1.14348,1.14404,1.14011,1.14087,331771.9688,1.1395593,1.12646,0.0,0.014410000000000034
2971.0,19.02.2019 00:00:00.000,1.13115,1.13574,1.12755,1.13399,408625.0313,1.1305028,1.13795,0.0,-0.0039599999999999635
2974.0,22.02.2019 00:00:00.000,1.13399,1.13556,1.13161,1.13319,385471.6563,1.1304276,1.13749,0.0,-0.0042999999999999705
2980.0,28.02.2019 00:00:00.000,1.13796,1.14197,1.13595,1.1373,457608.4688,1.1346915,1.12311,0.0,0.014189999999999925
2981.0,01.03.2019 00:00:00.000,1.13731,1.14085,1.13533,1.13633,405553.75,1.1343198,1.12315,0.0,0.01317999999999997
2987.0,07.03.2019 00:00:00.000,1.1313,1.13202,1.11764,1.1198,390830.4063,1.1225696,1.1324,0.012600000000000167,0.0
2988.0,08.03.2019 00:00:00.000,1.1198,1.12461,1.11852,1.12311,374351.0,1.1237549,1.13192,0.008809999999999985,0.0
2995.0,15.03.2019 00:00:00.000,1.13066,1.13443,1.13,1.1324,289446.9688,1.1283343,1.12955,0.0,0.002850000000000019
3004.0,24.03.2019 00:00:00.000,1.12892,1.13011,1.12883,1.12955,8383.6602,1.1265937,1.12049,0.0,0.009060000000000068
3020.0,09.04.2019 00:00:00.000,1.12557,1.12842,1.12554,1.12655,384052.25,1.130685,1.12965,0.0031000000000001027,0.0
3035.0,24.04.2019 00:00:00.000,1.12239,1.12241,1.11406,1.11533,396092.9375,1.114432,1.11729,0.0,-0.0019599999999999618
3039.0,28.04.2019 00:00:00.000,1.11441,1.11516,1.11441,1.11494,8087.2598,1.1157683,1.1201,0.005160000000000053,0.0
3046.0,05.05.2019 00:00:00.000,1.11799,1.12003,1.11672,1.11846,20415.4902,1.1177367,1.1232,0.0,-0.0047399999999999665
3049.0,08.05.2019 00:00:00.000,1.11893,1.12136,1.11827,1.11977,370041.2188,1.117167,1.11731,0.0,0.0024599999999999067
3054.0,13.05.2019 00:00:00.000,1.12358,1.12635,1.12191,1.1232,330177.5,1.1195105,1.11643,0.0,0.006769999999999943
3060.0,19.05.2019 00:00:00.000,1.11598,1.11666,1.11598,1.11646,9331.1104,1.1171663,1.11934,0.0028799999999999937,0.0
3061.0,20.05.2019 00:00:00.000,1.11646,1.11748,1.11506,1.11673,305009.75,1.1158739,1.11681,0.0,-8.000000000008001e-05
3064.0,23.05.2019 00:00:00.000,1.11553,1.11875,1.1107,1.11841,368229.4063,1.1176147,1.11678,0.0,0.0016299999999997983
3070.0,29.05.2019 00:00:00.000,1.11682,1.11724,1.11243,1.11366,354138.3125,1.1159058,1.12755,0.013889999999999958,0.0
3074.0,02.06.2019 00:00:00.000,1.11607,1.11741,1.11607,1.11736,11255.4199,1.1173495,1.13179,0.0,-0.014430000000000165
3082.0,10.06.2019 00:00:00.000,1.1319,1.13243,1.12902,1.13179,319896.625,1.1271138,1.11978,0.0,0.012010000000000076
3083.0,11.06.2019 00:00:00.000,1.13179,1.13374,1.13013,1.13295,358230.8438,1.1302859,1.12357,0.0,0.009379999999999944
3089.0,17.06.2019 00:00:00.000,1.12155,1.1247,1.12037,1.12242,244337.5156,1.1268739,1.13681,0.014390000000000125,0.0
3095.0,23.06.2019 00:00:00.000,1.13695,1.13852,1.13662,1.1385,12484.9102,1.1337556,1.12868,0.0,0.009820000000000162
3096.0,24.06.2019 00:00:00.000,1.1385,1.14039,1.13725,1.13991,295616.5938,1.1330938,1.12904,0.0,0.010869999999999935
3099.0,27.06.2019 00:00:00.000,1.13734,1.13814,1.13477,1.13711,305256.375,1.1342685,1.12235,0.0,0.014760000000000106
3105.0,03.07.2019 00:00:00.000,1.12904,1.13123,1.12686,1.12873,261437.4688,1.1335981,1.12498,-0.00374999999999992,0.0
3109.0,07.07.2019 00:00:00.000,1.12215,1.12291,1.12215,1.12267,8220.1797,1.12695,1.12597,0.0032999999999998586,0.0
3110.0,08.07.2019 00:00:00.000,1.12267,1.12344,1.12069,1.12151,213395.125,1.1239946,1.12116,-0.0003500000000000725,0.0
3113.0,11.07.2019 00:00:00.000,1.12585,1.12857,1.12451,1.12498,283354.6563,1.1240569,1.12192,0.0,0.0030600000000000627
3123.0,21.07.2019 00:00:00.000,1.1215,1.12197,1.1214,1.12175,9741.04,1.1242671,1.11423,-0.007519999999999971,0.0
3132.0,30.07.2019 00:00:00.000,1.11424,1.1161,1.11321,1.11568,277029.625,1.1150888,1.12039,0.0,-0.004709999999999992
3134.0,01.08.2019 00:00:00.000,1.10715,1.10958,1.10268,1.10788,467627.9375,1.1095741,1.11969,0.011810000000000098,0.0
3151.0,18.08.2019 00:00:00.000,1.10925,1.1101,1.10895,1.10919,7217.0298,1.1158403,1.11013,0.0009400000000001629,0.0
3152.0,19.08.2019 00:00:00.000,1.10918,1.11137,1.1076,1.10814,198728.5156,1.1122324,1.10893,0.0007900000000000684,0.0
3159.0,26.08.2019 00:00:00.000,1.11433,1.11529,1.10942,1.11013,276142.375,1.0997782,1.09725,0.0,0.012880000000000003
3162.0,29.08.2019 00:00:00.000,1.10856,1.1093,1.10419,1.10589,208781.8438,1.0990146,1.1025,0.0,0.003390000000000004
3174.0,10.09.2019 00:00:00.000,1.10469,1.10595,1.10305,1.10501,131830.0156,1.0970073,1.10291,0.0,0.0020999999999999908
3176.0,12.09.2019 00:00:00.000,1.10134,1.10871,1.09268,1.10561,201762.5781,1.0960546,1.10169,0.0,0.0039199999999999235
3177.0,13.09.2019 00:00:00.000,1.1056,1.11094,1.1056,1.10707,159524.4688,1.0993502,1.10185,0.0,0.005220000000000002
3180.0,16.09.2019 00:00:00.000,1.10831,1.10843,1.09932,1.10031,142926.3281,1.0931404,1.10135,0.0,-0.001040000000000152
3191.0,27.09.2019 00:00:00.000,1.09223,1.09586,1.09046,1.09367,176770.0625,1.101386,1.09832,0.004650000000000043,0.0
3205.0,11.10.2019 00:00:00.000,1.10105,1.10626,1.10007,1.10329,245439.875,1.1185371,1.11558,0.012289999999999912,0.0
3207.0,13.10.2019 00:00:00.000,1.10316,1.10385,1.1025,1.10282,6677.9502,1.1149476,1.11515,0.012330000000000174,0.0
3214.0,20.10.2019 00:00:00.000,1.11607,1.11634,1.11494,1.11558,6303.585,1.1139652,1.10982,0.0,0.005759999999999987
3215.0,21.10.2019 00:00:00.000,1.11559,1.11793,1.11386,1.11515,124245.3672,1.1117465,1.1112,0.0,0.00395000000000012
3216.0,22.10.2019 00:00:00.000,1.11517,1.11568,1.11176,1.11289,125243.1875,1.1126585,1.11521,0.0,-0.0023200000000000998
3223.0,29.10.2019 00:00:00.000,1.10982,1.11183,1.10735,1.1112,122552.6016,1.1049647,1.107,0.0,0.0041999999999999815
3224.0,30.10.2019 00:00:00.000,1.11119,1.11554,1.10801,1.11521,137742.2188,1.1079081,1.10523,0.0,0.0099800000000001
3225.0,31.10.2019 00:00:00.000,1.11521,1.11755,1.11314,1.11561,149061.7188,1.1093026,1.10176,0.0,0.013849999999999918
3226.0,01.11.2019 00:00:00.000,1.11559,1.11718,1.11281,1.11641,126862.1563,1.110223,1.10218,0.0,0.014229999999999965
3232.0,07.11.2019 00:00:00.000,1.10699,1.10914,1.1036,1.10523,155079.1406,1.1075416,1.10494,-0.00028999999999990145,0.0
3243.0,18.11.2019 00:00:00.000,1.1054,1.10899,1.10533,1.10722,112908.3281,1.1090518,1.1022,-0.0050200000000000244,0.0
3254.0,29.11.2019 00:00:00.000,1.10113,1.10282,1.09811,1.1015,101410.5469,1.1108892,1.10582,0.0043200000000001015,0.0
3256.0,01.12.2019 00:00:00.000,1.10229,1.10269,1.1017,1.10182,2960.7,1.1115992,1.10643,0.004610000000000003,0.0
3274.0,19.12.2019 00:00:00.000,1.11154,1.11442,1.11072,1.11231,157736.0938,1.1122447,1.11713,0.0,-0.0048200000000000465
3281.0,26.12.2019 00:00:00.000,1.10944,1.11088,1.10821,1.11012,52487.6328,1.1062236,1.11548,0.0,-0.005360000000000031
3282.0,27.12.2019 00:00:00.000,1.11013,1.11883,1.10987,1.11713,124575.9063,1.110649,1.11604,0.0,0.0010900000000000354
3287.0,01.01.2020 00:00:00.000,1.1212,1.12218,1.12106,1.12188,2621.3201,1.1186349,1.11093,0.0,0.010950000000000015
3292.0,06.01.2020 00:00:00.000,1.11603,1.12055,1.11571,1.11954,139965.2813,1.1137183,1.11275,0.0,0.006790000000000074
3303.0,17.01.2020 00:00:00.000,1.11368,1.11425,1.10862,1.1089,123846.6094,1.1094526,1.10245,-0.006450000000000067,0.0
3308.0,22.01.2020 00:00:00.000,1.10851,1.10984,1.107,1.10957,134188.8125,1.1118248,1.10285,-0.006719999999999837,0.0
3336.0,19.02.2020 00:00:00.000,1.07949,1.08115,1.07822,1.08096,105152.0547,1.0843427,1.09963,0.018670000000000186,0.0
3340.0,23.02.2020 00:00:00.000,1.08145,1.08419,1.08132,1.08384,7690.5391,1.0936986,1.11443,0.030590000000000117,0.0
3344.0,27.02.2020 00:00:00.000,1.08865,1.10064,1.08848,1.09963,216943.1094,1.1132672,1.12804,0.028409999999999824,0.0
3349.0,03.03.2020 00:00:00.000,1.11443,1.12134,1.10953,1.11765,214838.0938,1.1241587,1.12611,0.008459999999999912,0.0
3354.0,08.03.2020 00:00:00.000,1.13473,1.13963,1.1335,1.13876,17976.084,1.1220683,1.11633,0.0,0.02242999999999995
3358.0,12.03.2020 00:00:00.000,1.12612,1.13336,1.1055,1.11823,262646.9375,1.1048936,1.06929,0.0,0.048939999999999984
3359.0,13.03.2020 00:00:00.000,1.11822,1.12213,1.1055,1.10992,229638.6094,1.1023464,1.06886,0.0,0.041060000000000096
3361.0,15.03.2020 00:00:00.000,1.10705,1.11996,1.10705,1.1156,30714.8027,1.1059896,1.07635,0.0,0.03925000000000001
3370.0,24.03.2020 00:00:00.000,1.07633,1.08879,1.07457,1.07977,343182.5625,1.1006784,1.09513,0.01536000000000004,0.0
3371.0,25.03.2020 00:00:00.000,1.07978,1.08938,1.07599,1.08884,296546.4375,1.101712,1.0846,-0.0042400000000000215,0.0
3375.0,29.03.2020 00:00:00.000,1.11172,1.1144,1.11049,1.11361,8299.8926,1.1136124,1.07988,-0.03373000000000004,0.0
3378.0,01.04.2020 00:00:00.000,1.1026,1.10361,1.09026,1.09513,272233.5625,1.1085426,1.09226,-0.002869999999999928,0.0
3379.0,02.04.2020 00:00:00.000,1.09514,1.09644,1.08206,1.0846,293209.625,1.1048714,1.09326,0.00865999999999989,0.0
3385.0,08.04.2020 00:00:00.000,1.08934,1.08969,1.08299,1.08599,231765.5,1.0976177,1.08584,-0.0001500000000000945,0.0
3392.0,15.04.2020 00:00:00.000,1.09832,1.09872,1.08564,1.09037,241939.9688,1.0692625,1.07743,0.0,0.012939999999999952
3400.0,23.04.2020 00:00:00.000,1.08062,1.08466,1.0756,1.07743,279998.5938,1.099412,1.09777,0.020339999999999803,0.0
3410.0,03.05.2020 00:00:00.000,1.09676,1.09736,1.09529,1.09608,10641.8027,1.0919833,1.08093,0.0,0.015149999999999997
3412.0,05.05.2020 00:00:00.000,1.09031,1.09258,1.08258,1.08384,236417.5469,1.0903544,1.0821,-0.0017399999999998528,0.0
3414.0,07.05.2020 00:00:00.000,1.0798,1.08408,1.07665,1.08361,233085.5625,1.0916482,1.08183,-0.0017799999999998928,0.0
3422.0,15.05.2020 00:00:00.000,1.08061,1.08509,1.07888,1.08183,198840.125,1.0966123,1.09079,0.008959999999999857,0.0
3424.0,17.05.2020 00:00:00.000,1.08088,1.08231,1.08067,1.08186,6917.0308,1.0956768,1.09016,0.008299999999999974,0.0
3429.0,22.05.2020 00:00:00.000,1.09491,1.09535,1.08852,1.0898,156656.8125,1.0956674,1.11156,0.02176,0.0
3435.0,28.05.2020 00:00:00.000,1.10165,1.10934,1.09916,1.10779,231205.2031,1.1131264,1.12911,0.021320000000000006,0.0
3439.0,01.06.2020 00:00:00.000,1.11155,1.1154,1.11004,1.11251,240616.0625,1.1164631,1.1332,0.020689999999999875,0.0
3440.0,02.06.2020 00:00:00.000,1.11252,1.11959,1.11151,1.11851,276683.4688,1.1215727,1.13667,0.018160000000000176,0.0
3455.0,17.06.2020 00:00:00.000,1.12649,1.12939,1.12068,1.12419,248307.1875,1.1343213,1.12179,-0.0023999999999999577,0.0
3461.0,23.06.2020 00:00:00.000,1.12775,1.13486,1.1233,1.13124,233937.0625,1.1369736,1.12511,-0.006129999999999969,0.0
3471.0,03.07.2020 00:00:00.000,1.12373,1.12518,1.12192,1.12464,140495.2813,1.1325743,1.13085,0.006209999999999827,0.0
3476.0,08.07.2020 00:00:00.000,1.12745,1.13518,1.12623,1.13372,163826.2656,1.1325775,1.13878,0.0,-0.005059999999999842
3480.0,12.07.2020 00:00:00.000,1.13039,1.13173,1.13026,1.13085,5807.625,1.13112,1.14557,0.014720000000000066,0.0
3481.0,13.07.2020 00:00:00.000,1.13086,1.13748,1.13008,1.13447,248162.6719,1.1328055,1.1535,0.0,-0.01902999999999988
3487.0,19.07.2020 00:00:00.000,1.14084,1.14456,1.14084,1.14421,7678.5635,1.1475259,1.17682,0.03261000000000003,0.0
3495.0,27.07.2020 00:00:00.000,1.16496,1.17813,1.16494,1.17682,338699.4375,1.17037,1.18136,0.0,-0.0045399999999999885
3496.0,28.07.2020 00:00:00.000,1.17681,1.17736,1.16987,1.17185,336526.1875,1.1702181,1.1872,0.0,-0.015349999999999975
3509.0,10.08.2020 00:00:00.000,1.1781,1.18006,1.17357,1.1736,299071.0313,1.1803634,1.19464,0.021039999999999948,0.0
3513.0,14.08.2020 00:00:00.000,1.18153,1.18503,1.17817,1.18414,329642.9375,1.1782329,1.17981,0.0,0.004329999999999945
3517.0,18.08.2020 00:00:00.000,1.18745,1.19656,1.18742,1.19464,326668.8125,1.1916201,1.184,0.0,0.010639999999999983
3518.0,19.08.2020 00:00:00.000,1.19463,1.19526,1.18302,1.18437,530337.5,1.1878432,1.18205,-0.0023199999999998777,0.0
3533.0,03.09.2020 00:00:00.000,1.18458,1.18646,1.17889,1.18412,892492.0625,1.1912968,1.18453,0.00041000000000002146,0.0
3538.0,08.09.2020 00:00:00.000,1.18187,1.18273,1.1757,1.17667,908454.125,1.1820449,1.18045,0.0037799999999998946,0.0
3540.0,10.09.2020 00:00:00.000,1.18035,1.19175,1.18004,1.18234,1083338.875,1.1845803,1.18385,0.0015100000000001224,0.0
3544.0,14.09.2020 00:00:00.000,1.18404,1.1888,1.18319,1.18671,900788.1875,1.1843642,1.17059,0.0,0.016119999999999912
3546.0,16.09.2020 00:00:00.000,1.1842,1.18825,1.17876,1.18045,998102.4375,1.1813265,1.16735,-0.01309999999999989,0.0
3551.0,21.09.2020 00:00:00.000,1.18455,1.18717,1.17317,1.17626,1312995.0,1.1812787,1.17414,-0.002120000000000122,0.0
3560.0,30.09.2020 00:00:00.000,1.17414,1.17548,1.16847,1.17232,1342323.5,1.1770341,1.17668,0.0043599999999999195,0.0
3567.0,07.10.2020 00:00:00.000,1.1737,1.17818,1.17249,1.17657,1176356.75,1.1781632,1.17064,-0.005929999999999991,0.0
3576.0,16.10.2020 00:00:00.000,1.17065,1.17462,1.16939,1.17132,929525.0,1.1762453,1.18479,0.013470000000000093,0.0
3588.0,28.10.2020 00:00:00.000,1.17818,1.17879,1.17178,1.17482,1028901.3125,1.182106,1.18167,0.006850000000000023,0.0
3594.0,03.11.2020 00:00:00.000,1.16405,1.17639,1.16372,1.17616,660774.125,1.1808342,1.17792,0.0017599999999999838,0.0
3595.0,04.11.2020 00:00:00.000,1.17617,1.17704,1.16026,1.17321,1295234.25,1.1770675,1.18038,0.007169999999999899,0.0
3596.0,05.11.2020 00:00:00.000,1.17321,1.18596,1.17107,1.18167,954521.8125,1.1835495,1.1831,0.0014300000000000423,0.0
3599.0,08.11.2020 00:00:00.000,1.18898,1.1895,1.18833,1.18924,11420.79,1.1873616,1.18592,0.0,0.0033199999999999896
3607.0,16.11.2020 00:00:00.000,1.18447,1.18689,1.18141,1.18592,388646.5625,1.1872238,1.18974,0.0038199999999999346,0.0
3611.0,20.11.2020 00:00:00.000,1.18655,1.18908,1.18498,1.18544,386941.25,1.1935744,1.19721,0.011770000000000058,0.0
3627.0,06.12.2020 00:00:00.000,1.21308,1.21324,1.21195,1.212,7098.7793,1.2210802,1.21486,0.0028600000000000847,0.0
3629.0,08.12.2020 00:00:00.000,1.21091,1.21339,1.20953,1.21094,342799.9063,1.2201631,1.21961,0.008670000000000178,0.0
3630.0,09.12.2020 00:00:00.000,1.21095,1.21475,1.20587,1.20784,239315.6875,1.2179313,1.22614,0.018299999999999983,0.0
3639.0,18.12.2020 00:00:00.000,1.22613,1.22687,1.22255,1.22559,159228.8125,1.2290387,1.22038,-0.005209999999999937,0.0
3648.0,27.12.2020 00:00:00.000,1.2186,1.22072,1.21811,1.22038,6146.7871,1.2221797,1.22984,0.009460000000000024,0.0
3649.0,28.12.2020 00:00:00.000,1.22039,1.22502,1.21811,1.22196,137271.5938,1.2224503,1.23382,0.011859999999999982,0.0
3650.0,29.12.2020 00:00:00.000,1.22196,1.2275,1.22193,1.22519,152109.0313,1.2255528,1.22691,0.0017199999999999438,0.0
3660.0,08.01.2021 00:00:00.000,1.2269,1.22845,1.21929,1.22174,235964.63380000004,1.2256724,1.20662,-0.015120000000000022,0.0
3669.0,17.01.2021 00:00:00.000,1.20838,1.20865,1.2066,1.20662,5839.6972,1.2035524,1.21426,0.0,-0.007639999999999869
3671.0,19.01.2021 00:00:00.000,1.20775,1.21448,1.20772,1.21391,178228.68910000002,1.2068449,1.21027,0.0,0.0036400000000000876
3674.0,22.01.2021 00:00:00.000,1.21654,1.21894,1.21515,1.21667,139074.2614,1.2090517,1.21227,0.0,0.0043999999999999595
3680.0,28.01.2021 00:00:00.000,1.21028,1.21424,1.20807,1.21209,198588.0751,1.2067256,1.20481,0.0,0.007279999999999953
3687.0,04.02.2021 00:00:00.000,1.20413,1.20427,1.19574,1.19662,123758.4363,1.1915096,1.21177,0.0,-0.015149999999999997
3688.0,05.02.2021 00:00:00.000,1.19659,1.20498,1.19522,1.20481,120889.91680000002,1.1955631,1.21204,0.0,-0.00723000000000007
3693.0,10.02.2021 00:00:00.000,1.21162,1.2144,1.21088,1.2119,129989.7775,1.2069886,1.20917,0.0,0.002729999999999899
3694.0,11.02.2021 00:00:00.000,1.21189,1.21494,1.21134,1.21304,88196.30300000001,1.2102206,1.21167,0.0,0.0013699999999998713
3704.0,21.02.2021 00:00:00.000,1.21151,1.21292,1.21141,1.21247,5489.6201,1.2135794,1.20484,-0.007630000000000026,0.0
3713.0,02.03.2021 00:00:00.000,1.20485,1.20943,1.19916,1.20848,162621.889,1.208507,1.19242,-0.016059999999999963,0.0
3723.0,12.03.2021 00:00:00.000,1.19809,1.19884,1.19099,1.19476,152735.99,1.1825069,1.18835,0.0,0.006410000000000027
3735.0,24.03.2021 00:00:00.000,1.18399,1.18508,1.18089,1.18127,126095.3693,1.1759712,1.17772,0.0,0.003549999999999942
3736.0,25.03.2021 00:00:00.000,1.18128,1.18277,1.17617,1.17756,137243.33539999998,1.1721001,1.17603,0.0,0.0015300000000000313
3742.0,31.03.2021 00:00:00.000,1.1723,1.17598,1.1704,1.1727,108988.6351,1.1725185,1.19153,0.0,-0.018829999999999902
3750.0,08.04.2021 00:00:00.000,1.18724,1.19274,1.18609,1.19153,88307.42709999999,1.199291,1.19805,0.006520000000000081,0.0
3751.0,09.04.2021 00:00:00.000,1.19151,1.19201,1.18669,1.18977,83829.3201,1.1985756,1.19689,0.007120000000000015,0.0
3755.0,13.04.2021 00:00:00.000,1.19117,1.19557,1.18776,1.19538,99118.2942,1.1995108,1.20372,0.008339999999999792,0.0
3760.0,18.04.2021 00:00:00.000,1.19722,1.19771,1.19679,1.19689,3320.6859,1.195347,1.20793,0.0,-0.011039999999999939
3762.0,20.04.2021 00:00:00.000,1.20424,1.20797,1.20224,1.20324,97173.22010000002,1.2011232,1.21348,0.0,-0.010239999999999805
3763.0,21.04.2021 00:00:00.000,1.20323,1.20436,1.19985,1.20372,85542.39869999999,1.201568,1.21245,0.0,-0.008730000000000127
3764.0,22.04.2021 00:00:00.000,1.20372,1.20694,1.19936,1.20143,106768.7605,1.200764,1.20169,0.0,-0.00025999999999992696
3769.0,27.04.2021 00:00:00.000,1.20794,1.20927,1.20567,1.20892,81974.39970000002,1.2133902,1.20074,-0.008180000000000076,0.0
3784.0,12.05.2021 00:00:00.000,1.21441,1.2152,1.20655,1.20777,164454.8855,1.2086838,1.22249,0.014720000000000066,0.0
3785.0,13.05.2021 00:00:00.000,1.20776,1.2106,1.20514,1.20767,123832.6522,1.2086042,1.21778,0.010110000000000063,0.0
3786.0,14.05.2021 00:00:00.000,1.20768,1.21477,1.20708,1.2142,97519.58960000002,1.2140659,1.21805,0.0,-0.003850000000000131
3788.0,16.05.2021 00:00:00.000,1.2145,1.21511,1.21368,1.21498,2788.83,1.2180758,1.2214,0.006420000000000092,0.0
3790.0,18.05.2021 00:00:00.000,1.21561,1.22339,1.21534,1.22223,95033.8304,1.2238084,1.2192,-0.003029999999999866,0.0
3791.0,19.05.2021 00:00:00.000,1.22225,1.22451,1.21598,1.21704,122026.2332,1.221056,1.21927,0.0022300000000001763,0.0
3793.0,21.05.2021 00:00:00.000,1.2225,1.22396,1.21607,1.21778,95459.7407,1.2199264,1.21892,0.0011399999999999189,0.0
3807.0,04.06.2021 00:00:00.000,1.21299,1.21856,1.21039,1.21644,91499.62110000002,1.2152622,1.21095,0.0,0.005489999999999995
3810.0,07.06.2021 00:00:00.000,1.21665,1.22017,1.21448,1.21905,56767.001500000006,1.2187804,1.21245,0.0,0.006599999999999939
3814.0,11.06.2021 00:00:00.000,1.21726,1.21929,1.20925,1.21072,76244.19949999999,1.2109463,1.18705,-0.02367000000000008,0.0
3831.0,28.06.2021 00:00:00.000,1.19415,1.19444,1.19022,1.19286,82983.48469999999,1.1806153,1.18221,0.0,0.010650000000000048
